2025,1,1,NKWA,1A,R312,MATH
2025,1,2,NKWA,1A,R312,MATH
2025,1,3,CMYA,1A,R303,ENG
2025,1,3,SHLA,1A,R314,ENG
2025,1,3,TKYA,1A,R312,ENG
2025,1,4,CMYA,1A,R303,ENG
2025,1,4,SHLA,1A,R314,ENG
2025,1,4,TKYA,1A,R312,ENG
2025,1,5,LTYA,1A,R312,CES
2025,1,6,LTYA,1A,R312,CES
2025,1,7,PKK,1A,R312,CHIN
2025,1,8,PKK,1A,R312,PTH
2025,1,9,KCK,1A,CR2,CL
2025,1,9,LWKA,1A,CR3,CL
2025,1,10,KCK,1A,CR2,CL
2025,1,10,LWKA,1A,CR3,CL
2025,2,1,PKK,1A,R312,CHIN
2025,2,2,PKK,1A,R312,CHIN
2025,2,3,NMY,1A,R312,BMVE
2025,2,4,NMY,1A,R312,BMVE
2025,2,5,NKWA,1A,R312,MATH
2025,2,6,CMYA,1A,R303,ENG
2025,2,6,SHLA,1A,R321,ENG
2025,2,6,TKYA,1A,R312,ENG
2025,2,7,CMYA,1A,R303,ENG
2025,2,7,SHLA,1A,R321,ENG
2025,2,7,TKYA,1A,R312,ENG
2025,2,8,HCHA,1A,MUS,MUS
2025,2,8,HXYA,1A,MUS,MUS
2025,2,9,HCHA,1A,MUS,MUS
2025,2,9,HXYA,1A,MUS,MUS
2025,2,10,NKWA,1A,R312,Read
2025,3,1,NKWA,1A,R312,MATH
2025,3,2,CMYA,1A,R303,ENG
2025,3,2,LCM,1A,ERC,ENG
2025,3,2,SHLA,1A,R321,ENG
2025,3,2,TKYA,1A,R312,ENG
2025,3,3,NKWA,1A,BIO,SCJ
2025,3,4,NKWA,1A,BIO,SCJ
2025,3,5,WSWA,1A,R312,GEOG
2025,3,6,WSWA,1A,R312,GEOG
2025,3,7,PKK,1A,R312,CHIN
2025,3,8,LYMA,1A,R312,ARD
2025,3,9,LWKA,1A,R312,CPA
2025,3,9,NKWA,1A,R312,CPA
2025,3,9,TKYA,1A,R312,CPA
2025,4,1,CMYA,1A,R303,ENG
2025,4,1,LCM,1A,ERC,ENG
2025,4,1,SHLA,1A,R314,ENG
2025,4,1,TKYA,1A,R312,ENG
2025,4,2,NKWA,1A,R312,MATH
2025,4,3,LHYB,1A,R312,HIST
2025,4,4,LHYB,1A,R312,HIST
2025,4,5,TIS,1A,PG1,PE
2025,4,6,TIS,1A,PG1,PE
2025,4,7,NKWA,1A,R312,SCJ
2025,4,8,PKK,1A,R312,CHIN
2025,4,9,PKK,1A,R312,CHIN
2025,4,10,LWKA,1A,R312,Read
2025,5,1,NKWA,1A,BIO,SCJ
2025,5,2,NKWA,1A,BIO,SCJ
2025,5,3,NSK,1A,DF,VA
2025,5,4,NSK,1A,DF,VA
2025,5,5,CMYA,1A,R303,ENG
2025,5,5,LCM,1A,ERC,ENG
2025,5,5,SHLA,1A,R321,ENG
2025,5,5,TKYA,1A,R312,ENG
2025,5,6,CWL,1A,R312,CHIS
2025,5,7,CWL,1A,R312,CHIS
2025,5,8,NKWA,1A,R312,MATH
2025,5,9,LTYA,1A,HTSC,STEM
2025,5,9,LYMA,1A,HTSC,STEM
2025,5,10,LTYA,1A,HTSC,STEM
2025,5,10,LYMA,1A,HTSC,STEM
2025,1,1,SSTA,1B,PG1,PE
2025,1,2,SSTA,1B,PG1,PE
2025,1,3,CMYA,1B,R303,ENG
2025,1,3,SHLA,1B,R314,ENG
2025,1,3,TKYA,1B,R312,ENG
2025,1,4,CMYA,1B,R303,ENG
2025,1,4,SHLA,1B,R314,ENG
2025,1,4,TKYA,1B,R312,ENG
2025,1,5,LHCA,1B,BIO,SCJ
2025,1,6,LHCA,1B,BIO,SCJ
2025,1,7,PCS,1B,R303,CHIN
2025,1,8,LEW,1B,R303,CHIS
2025,1,9,LEW,1B,R303,CHIS
2025,1,10,KCHA,1B,R303,MATH
2025,2,1,PCS,1B,R303,CHIN
2025,2,2,PCS,1B,R303,CHIN
2025,2,3,WSWA,1B,R303,GEOG
2025,2,4,WSWA,1B,R303,GEOG
2025,2,5,KCHA,1B,R303,MATH
2025,2,6,CMYA,1B,R303,ENG
2025,2,6,SHLA,1B,R321,ENG
2025,2,6,TKYA,1B,R312,ENG
2025,2,7,CMYA,1B,R303,ENG
2025,2,7,SHLA,1B,R321,ENG
2025,2,7,TKYA,1B,R312,ENG
2025,2,8,LYMA,1B,HTSC,STEM
2025,2,8,WAI,1B,HTSC,STEM
2025,2,9,LYMA,1B,HTSC,STEM
2025,2,9,WAI,1B,HTSC,STEM
2025,2,10,SSTA,1B,R303,Read
2025,3,1,KCHA,1B,R303,MATH
2025,3,2,CMYA,1B,R303,ENG
2025,3,2,LCM,1B,ERC,ENG
2025,3,2,SHLA,1B,R321,ENG
2025,3,2,TKYA,1B,R312,ENG
2025,3,3,NSK,1B,DF,VA
2025,3,4,NSK,1B,DF,VA
2025,3,5,PCS,1B,R303,CHIN
2025,3,6,PCS,1B,R303,CHIN
2025,3,7,LHCA,1B,R303,SCJ
2025,3,8,NMY,1B,R303,ARD
2025,3,9,CMYA,1B,R303,CPA
2025,3,9,LHCA,1B,R303,CPA
2025,3,9,LYMA,1B,R303,CPA
2025,4,1,CMYA,1B,R303,ENG
2025,4,1,LCM,1B,ERC,ENG
2025,4,1,SHLA,1B,R314,ENG
2025,4,1,TKYA,1B,R312,ENG
2025,4,2,KCHA,1B,R303,MATH
2025,4,3,LHCA,1B,BIO,SCJ
2025,4,4,LHCA,1B,BIO,SCJ
2025,4,5,NMY,1B,R303,CES
2025,4,6,NMY,1B,R303,CES
2025,4,7,HXYA,1B,R303,PTH
2025,4,8,KCK,1B,CR2,CL
2025,4,8,KYM,1B,CR1,CL
2025,4,9,KCK,1B,CR2,CL
2025,4,9,KYM,1B,CR1,CL
2025,4,10,LHCA,1B,R303,Read
2025,5,1,LHYB,1B,R303,HIST
2025,5,2,LHYB,1B,R303,HIST
2025,5,3,HCHA,1B,MUS,MUS
2025,5,3,HXYA,1B,MUS,MUS
2025,5,4,HCHA,1B,MUS,MUS
2025,5,4,HXYA,1B,MUS,MUS
2025,5,5,CMYA,1B,R303,ENG
2025,5,5,LCM,1B,ERC,ENG
2025,5,5,SHLA,1B,R321,ENG
2025,5,5,TKYA,1B,R312,ENG
2025,5,6,KCHA,1B,R303,MATH
2025,5,7,KCHA,1B,R303,MATH
2025,5,8,NMY,1B,R303,BMVE
2025,5,9,NMY,1B,R303,BMVE
2025,5,10,PCS,1B,R303,CHIN
2025,1,1,TIS,1C,PG2,PE
2025,1,2,TIS,1C,PG2,PE
2025,1,3,WSWA,1C,R301,GEOG
2025,1,4,WSWA,1C,R301,GEOG
2025,1,5,NHCA,1C,R301,MATH
2025,1,6,LCM,1C,R301,ENG
2025,1,6,YTL,1C,R301,ENG
2025,1,7,LEW,1C,R301,CHIN
2025,1,8,NSK,1C,DF,VA
2025,1,9,NSK,1C,DF,VA
2025,1,10,HXYA,1C,R301,PTH
2025,2,1,LHYB,1C,R301,HIST
2025,2,2,LHYB,1C,R301,HIST
2025,2,3,NHCA,1C,R301,MATH
2025,2,4,NHCA,1C,R301,MATH
2025,2,5,NMY,1C,R301,CES
2025,2,6,NMY,1C,R301,CES
2025,2,7,YTL,1C,R301,ENG
2025,2,8,NMY,1C,R301,BMVE
2025,2,9,NMY,1C,R301,BMVE
2025,2,10,WAI,1C,R301,Read
2025,3,1,KYM,1C,CR1,CL
2025,3,1,LWKA,1C,CR3,CL
2025,3,2,KYM,1C,CR1,CL
2025,3,2,LWKA,1C,CR3,CL
2025,3,3,FCQA,1C,R301,ENG
2025,3,3,YTL,1C,R301,ENG
2025,3,4,LEW,1C,R301,CHIN
2025,3,5,NHCA,1C,R301,MATH
2025,3,6,NKWA,1C,BIO,SCJ
2025,3,7,NKWA,1C,BIO,SCJ
2025,3,8,LEW,1C,R301,ARD
2025,3,9,KCHA,1C,R301,CPA
2025,3,9,LEW,1C,R301,CPA
2025,3,9,WAI,1C,R301,CPA
2025,4,1,LEW,1C,R301,CHIN
2025,4,1,PKK,1C,R301,CHIN
2025,4,2,LEW,1C,R301,CHIN
2025,4,2,PKK,1C,R301,CHIN
2025,4,3,YTL,1C,R301,ENG
2025,4,4,YTL,1C,R301,ENG
2025,4,5,HCHA,1C,MUS,MUS
2025,4,5,HXYA,1C,MUS,MUS
2025,4,6,HCHA,1C,MUS,MUS
2025,4,6,HXYA,1C,MUS,MUS
2025,4,7,NHCA,1C,R301,MATH
2025,4,8,NKWA,1C,BIO,SCJ
2025,4,9,NKWA,1C,BIO,SCJ
2025,4,10,HCHA,1C,R301,Read
2025,5,1,LYMA,1C,HTSC,STEM
2025,5,1,WAI,1C,HTSC,STEM
2025,5,2,LYMA,1C,HTSC,STEM
2025,5,2,WAI,1C,HTSC,STEM
2025,5,3,YTL,1C,R301,ENG
2025,5,4,YTL,1C,R301,ENG
2025,5,5,LEW,1C,R301,CHIS
2025,5,6,LEW,1C,R301,CHIS
2025,5,7,NKWA,1C,R301,SCJ
2025,5,8,NHCA,1C,R301,MATH
2025,5,9,LEW,1C,R301,CHIN
2025,5,10,LEW,1C,R301,CHIN
2025,1,1,LEW,1D,R313,CHIN
2025,1,2,FMKA,1D,R313,SCJ
2025,1,3,LHYB,1D,R313,HIST
2025,1,4,LHYB,1D,R313,HIST
2025,1,5,YTL,1D,R313,ENG
2025,1,6,LYMA,1D,KFIC,STEM
2025,1,6,WAI,1D,KFIC,STEM
2025,1,7,LYMA,1D,KFIC,STEM
2025,1,7,WAI,1D,KFIC,STEM
2025,1,8,LKYA,1D,R313,MATH
2025,1,9,NMY,1D,R313,BMVE
2025,1,10,NMY,1D,R313,BMVE
2025,2,1,FMKA,1D,BIO,SCJ
2025,2,2,FMKA,1D,BIO,SCJ
2025,2,3,LEW,1D,R313,CHIN
2025,2,3,PKK,1D,R313,CHIN
2025,2,4,LEW,1D,R313,CHIN
2025,2,4,PKK,1D,R313,CHIN
2025,2,5,YTL,1D,R313,ENG
2025,2,6,LKYA,1D,R313,MATH
2025,2,7,LKYA,1D,R313,MATH
2025,2,8,WSWA,1D,R313,GEOG
2025,2,9,WSWA,1D,R313,GEOG
2025,2,10,KCK,1D,R313,Read
2025,3,1,LKYA,1D,R313,MATH
2025,3,2,LEW,1D,R313,CHIN
2025,3,3,HCHA,1D,MUS,MUS
2025,3,3,HXYA,1D,MUS,MUS
2025,3,4,HCHA,1D,MUS,MUS
2025,3,4,HXYA,1D,MUS,MUS
2025,3,5,HXYA,1D,R313,PTH
2025,3,6,YTL,1D,R313,ENG
2025,3,7,YTL,1D,R313,ENG
2025,3,8,LKYA,1D,R313,ARD
2025,3,9,CSYA,1D,R313,CPA
2025,3,9,KCK,1D,R313,CPA
2025,3,9,LKYA,1D,R313,CPA
2025,4,1,YTL,1D,R313,ENG
2025,4,2,YTL,1D,R313,ENG
2025,4,3,LEW,1D,R313,CHIN
2025,4,4,LEW,1D,R313,CHIN
2025,4,5,LKYA,1D,PG2,PE
2025,4,6,LKYA,1D,PG2,PE
2025,4,7,LKYA,1D,R313,MATH
2025,4,8,LEW,1D,R313,CHIS
2025,4,9,LEW,1D,R313,CHIS
2025,4,10,CSYA,1D,R313,Read
2025,5,1,KCK,1D,CR2,CL
2025,5,1,KYM,1D,CR1,CL
2025,5,2,KCK,1D,CR2,CL
2025,5,2,KYM,1D,CR1,CL
2025,5,3,FMKA,1D,BIO,SCJ
2025,5,4,FMKA,1D,BIO,SCJ
2025,5,5,LTYA,1D,R313,CES
2025,5,6,LTYA,1D,R313,CES
2025,5,7,LKYA,1D,R313,MATH
2025,5,8,FCQA,1D,R313,ENG
2025,5,8,YTL,1D,R313,ENG
2025,5,9,CSYA,1D,DF,VA
2025,5,10,CSYA,1D,DF,VA
2025,1,1,KCK,2A,CR2,CL
2025,1,1,KYM,2A,CR1,CL
2025,1,2,KCK,2A,CR2,CL
2025,1,2,KYM,2A,CR1,CL
2025,1,3,LTYA,2A,KFIC,STEM
2025,1,3,WAI,2A,KFIC,STEM
2025,1,4,LTYA,2A,KFIC,STEM
2025,1,4,WAI,2A,KFIC,STEM
2025,1,5,LKYA,2A,PG1,PE
2025,1,6,LKYA,2A,PG1,PE
2025,1,7,YBK,2A,R302,MATH
2025,1,8,HCHA,2A,MUS,MUS
2025,1,9,HCHA,2A,MUS,MUS
2025,1,10,CMYA,2A,R302,ENG
2025,1,10,LCM,2A,ERC,ENG
2025,1,10,LWK,2A,R321,ENG
2025,1,10,WKY,2A,R314,ENG
2025,2,1,CMYA,2A,R302,ENG
2025,2,1,LWK,2A,R421,ENG
2025,2,1,WKY,2A,R314,ENG
2025,2,2,CMYA,2A,R302,ENG
2025,2,2,LWK,2A,R421,ENG
2025,2,2,WKY,2A,R314,ENG
2025,2,3,YBK,2A,R302,MATH
2025,2,4,YBK,2A,R302,MATH
2025,2,5,CCH,2A,CHEM,SCJ
2025,2,6,CCH,2A,CHEM,SCJ
2025,2,7,CHM,2A,R302,PTH
2025,2,8,CHM,2A,R302,CHIN
2025,2,9,CHM,2A,R302,CHIN
2025,2,10,LTYA,2A,R302,Read
2025,3,1,CCH,2A,CHEM,SCJ
2025,3,2,CCH,2A,CHEM,SCJ
2025,3,3,LTYA,2A,R302,CES
2025,3,4,LTYA,2A,R302,CES
2025,3,5,CHM,2A,R302,CHIN
2025,3,6,CMYA,2A,R302,ENG
2025,3,6,LCM,2A,ERC,ENG
2025,3,6,LWK,2A,R421,ENG
2025,3,6,WKY,2A,R314,ENG
2025,3,7,YBK,2A,R302,MATH
2025,3,8,CCH,2A,R302,ARD
2025,3,9,CCH,2A,R302,CPA
2025,3,9,LTYA,2A,R302,CPA
2025,3,9,YBK,2A,R302,CPA
2025,4,1,CWL,2A,R302,HIST
2025,4,2,CWL,2A,R302,HIST
2025,4,3,MKW,2A,R302,BMVE
2025,4,4,MKW,2A,R302,BMVE
2025,4,5,CHM,2A,R302,CHIN
2025,4,6,WSWA,2A,R302,GEOG
2025,4,7,WSWA,2A,R302,GEOG
2025,4,8,CMYA,2A,R302,ENG
2025,4,8,LCM,2A,ERC,ENG
2025,4,8,LWK,2A,R321,ENG
2025,4,8,WKY,2A,R314,ENG
2025,4,9,YBK,2A,R302,MATH
2025,4,10,YBK,2A,R302,Read
2025,5,1,NSK,2A,DF,VA
2025,5,2,NSK,2A,DF,VA
2025,5,3,CHM,2A,R302,CHIN
2025,5,4,CHM,2A,R302,CHIN
2025,5,5,CHLA,2A,R302,CHIS
2025,5,6,CHLA,2A,R302,CHIS
2025,5,7,CCH,2A,R302,SCJ
2025,5,8,CMYA,2A,R302,ENG
2025,5,8,LWK,2A,R321,ENG
2025,5,8,WKY,2A,R314,ENG
2025,5,9,CMYA,2A,R302,ENG
2025,5,9,LWK,2A,R321,ENG
2025,5,9,WKY,2A,R314,ENG
2025,5,10,YBK,2A,R302,MATH
2025,1,1,LTW,2B,R314,CHIN
2025,1,2,LTW,2B,R314,CHIN
2025,1,3,TIS,2B,PG1,PE
2025,1,4,TIS,2B,PG1,PE
2025,1,5,NSK,2B,DF,VA
2025,1,6,NSK,2B,DF,VA
2025,1,7,LPHA,2B,R314,MATH
2025,1,8,LTYB,2B,CHEM,SCJ
2025,1,9,LTYB,2B,CHEM,SCJ
2025,1,10,CMYA,2B,R302,ENG
2025,1,10,LCM,2B,ERC,ENG
2025,1,10,LWK,2B,R321,ENG
2025,1,10,WKY,2B,R314,ENG
2025,2,1,CMYA,2B,R302,ENG
2025,2,1,LWK,2B,R421,ENG
2025,2,1,WKY,2B,R314,ENG
2025,2,2,CMYA,2B,R302,ENG
2025,2,2,LWK,2B,R421,ENG
2025,2,2,WKY,2B,R314,ENG
2025,2,3,LYMA,2B,HTSC,STEM
2025,2,3,WAI,2B,HTSC,STEM
2025,2,4,LYMA,2B,HTSC,STEM
2025,2,4,WAI,2B,HTSC,STEM
2025,2,5,LHYB,2B,R314,HIST
2025,2,6,LHYB,2B,R314,HIST
2025,2,7,LPHA,2B,R314,MATH
2025,2,8,LTYA,2B,R314,CES
2025,2,9,LTYA,2B,R314,CES
2025,2,10,WKY,2B,R314,Read
2025,3,1,HCHA,2B,MUS,MUS
2025,3,2,HCHA,2B,MUS,MUS
2025,3,3,LTYB,2B,CHEM,SCJ
2025,3,4,LTYB,2B,CHEM,SCJ
2025,3,5,LTW,2B,R314,CHIN
2025,3,6,CMYA,2B,R302,ENG
2025,3,6,LCM,2B,ERC,ENG
2025,3,6,LWK,2B,R421,ENG
2025,3,6,WKY,2B,R314,ENG
2025,3,7,LPHA,2B,R314,MATH
2025,3,8,WSWA,2B,R314,ARD
2025,3,9,LTYB,2B,R314,CPA
2025,3,9,WKY,2B,R314,CPA
2025,3,9,WSWA,2B,R314,CPA
2025,4,1,KCK,2B,CR2,CL
2025,4,1,KYM,2B,CR1,CL
2025,4,2,KCK,2B,CR2,CL
2025,4,2,KYM,2B,CR1,CL
2025,4,3,LPHA,2B,R314,MATH
2025,4,4,LPHA,2B,R314,MATH
2025,4,5,LTW,2B,R314,CHIN
2025,4,6,LTW,2B,R314,CHIN
2025,4,7,LTYB,2B,R314,SCJ
2025,4,8,CMYA,2B,R302,ENG
2025,4,8,LCM,2B,ERC,ENG
2025,4,8,LWK,2B,R321,ENG
2025,4,8,WKY,2B,R314,ENG
2025,4,9,CHM,2B,R314,PTH
2025,4,10,WSWA,2B,R314,Read
2025,5,1,MKW,2B,R314,BMVE
2025,5,2,MKW,2B,R314,BMVE
2025,5,3,LTW,2B,R314,CHIS
2025,5,4,LTW,2B,R314,CHIS
2025,5,5,LPHA,2B,R314,MATH
2025,5,6,WSWA,2B,R314,GEOG
2025,5,7,WSWA,2B,R314,GEOG
2025,5,8,CMYA,2B,R302,ENG
2025,5,8,LWK,2B,R321,ENG
2025,5,8,WKY,2B,R314,ENG
2025,5,9,CMYA,2B,R302,ENG
2025,5,9,LWK,2B,R321,ENG
2025,5,9,WKY,2B,R314,ENG
2025,5,10,LTW,2B,R314,CHIN
2025,1,1,LHCA,2C,CHEM,SCJ
2025,1,2,LHCA,2C,CHEM,SCJ
2025,1,3,KCK,2C,CR2,CL
2025,1,3,KYM,2C,CR1,CL
2025,1,4,KCK,2C,CR2,CL
2025,1,4,KYM,2C,CR1,CL
2025,1,5,TIS,2C,PG2,PE
2025,1,6,TIS,2C,PG2,PE
2025,1,7,LWK,2C,R103,ENG
2025,1,8,KCHA,2C,R103,MATH
2025,1,9,LWY,2C,R103,CHIN
2025,1,10,LWY,2C,R103,CHIN
2025,2,1,LWY,2C,R103,CHIN
2025,2,2,LWY,2C,R103,CHIN
2025,2,3,KCHA,2C,R103,MATH
2025,2,4,KCHA,2C,R103,MATH
2025,2,5,TKSA,2C,R103,BMVE
2025,2,6,TKSA,2C,R103,BMVE
2025,2,7,LHCA,2C,R103,SCJ
2025,2,8,LWK,2C,R103,ENG
2025,2,9,LWK,2C,R103,ENG
2025,2,10,LWY,2C,R103,Read
2025,3,1,LWK,2C,R103,ENG
2025,3,2,LWY,2C,R103,CHIN
2025,3,3,CWL,2C,R103,HIST
2025,3,4,CWL,2C,R103,HIST
2025,3,5,KCHA,2C,R103,MATH
2025,3,6,NSK,2C,DF,VA
2025,3,7,NSK,2C,DF,VA
2025,3,8,LWY,2C,R103,ARD
2025,3,9,HCHA,2C,R103,CPA
2025,3,9,LWY,2C,R103,CPA
2025,4,1,FSC,2C,R103,CES
2025,4,2,FSC,2C,R103,CES
2025,4,3,WSWA,2C,R103,GEOG
2025,4,4,WSWA,2C,R103,GEOG
2025,4,5,KCHA,2C,R103,MATH
2025,4,6,CWL,2C,R103,CHIS
2025,4,7,CWL,2C,R103,CHIS
2025,4,8,LWY,2C,R103,PTH
2025,4,9,LCM,2C,R103,ENG
2025,4,9,LWK,2C,R103,ENG
2025,4,10,LWY,2C,R103,Read
2025,5,1,HCHA,2C,MUS,MUS
2025,5,2,HCHA,2C,MUS,MUS
2025,5,3,LTSA,2C,KFIC,STEM
2025,5,3,WAI,2C,KFIC,STEM
2025,5,4,LTSA,2C,KFIC,STEM
2025,5,4,WAI,2C,KFIC,STEM
2025,5,5,LWK,2C,R103,ENG
2025,5,6,LWK,2C,R103,ENG
2025,5,7,LWY,2C,R103,CHIN
2025,5,8,LHCA,2C,CHEM,SCJ
2025,5,9,LHCA,2C,CHEM,SCJ
2025,5,10,KCHA,2C,R103,MATH
2025,1,1,NHCA,2D,R104,MATH
2025,1,2,NHCA,2D,R104,MATH
2025,1,3,LKYA,2D,PG2,PE
2025,1,4,LKYA,2D,PG2,PE
2025,1,5,LWY,2D,R104,CHIN
2025,1,6,LWY,2D,R104,CHIN
2025,1,7,YTL,2D,R104,ENG
2025,1,8,YTL,2D,R104,ENG
2025,1,9,TKSA,2D,R104,BMVE
2025,1,10,TKSA,2D,R104,BMVE
2025,2,1,NSK,2D,DF,VA
2025,2,2,NSK,2D,DF,VA
2025,2,3,CTHA,2D,CHEM,SCJ
2025,2,4,CTHA,2D,CHEM,SCJ
2025,2,5,NHCA,2D,R104,MATH
2025,2,6,WSWA,2D,R104,GEOG
2025,2,7,WSWA,2D,R104,GEOG
2025,2,8,YTL,2D,R104,ENG
2025,2,9,YTL,2D,R104,ENG
2025,2,10,YTL,2D,R104,Read
2025,3,1,CHLA,2D,R104,CHIS
2025,3,2,CHLA,2D,R104,CHIS
2025,3,3,NHCA,2D,R104,MATH
2025,3,4,LWY,2D,R104,CHIN
2025,3,5,YTL,2D,R104,ENG
2025,3,6,KCK,2D,CR2,CL
2025,3,6,LWKA,2D,CR3,CL
2025,3,7,KCK,2D,CR2,CL
2025,3,7,LWKA,2D,CR3,CL
2025,3,8,CHLA,2D,R104,ARD
2025,3,9,CHLA,2D,R104,CPA
2025,3,9,CTHA,2D,R104,CPA
2025,3,9,YTL,2D,R104,CPA
2025,4,1,NHCA,2D,R104,MATH
2025,4,2,LWY,2D,R104,CHIN
2025,4,3,HCHA,2D,MUS,MUS
2025,4,4,HCHA,2D,MUS,MUS
2025,4,5,LYMA,2D,HTSC,STEM
2025,4,5,WAI,2D,HTSC,STEM
2025,4,6,LYMA,2D,HTSC,STEM
2025,4,6,WAI,2D,HTSC,STEM
2025,4,7,YTL,2D,R104,ENG
2025,4,8,CTHA,2D,CHEM,SCJ
2025,4,9,CTHA,2D,CHEM,SCJ
2025,4,10,YTL,2D,R104,Read
2025,5,1,LWY,2D,R104,CHIN
2025,5,2,LWY,2D,R104,CHIN
2025,5,3,CHLA,2D,R104,CES
2025,5,4,CHLA,2D,R104,CES
2025,5,5,CTHA,2D,R104,SCJ
2025,5,6,LWY,2D,R104,PTH
2025,5,7,NHCA,2D,R104,MATH
2025,5,8,LHYB,2D,R104,HIST
2025,5,9,LHYB,2D,R104,HIST
2025,5,10,YTL,2D,R104,ENG
2025,1,1,YBK,3A,R202,MATH
2025,1,2,YBK,3A,R202,MATH
2025,1,3,CMTA,3A,R202,ENG
2025,1,3,FCQA,3A,R422,ENG
2025,1,3,TSM,3A,R322,ENG
2025,1,4,CMTA,3A,R202,ENG
2025,1,4,FCQA,3A,R422,ENG
2025,1,4,TSM,3A,R322,ENG
2025,1,5,KLF,3A,R202,BUSF
2025,1,6,KLF,3A,R202,BUSF
2025,1,7,WSWA,3A,R202,GEOG
2025,1,8,LHYB,3A,R202,HIST
2025,1,9,LTW,3A,R202,CHIN
2025,1,10,LTW,3A,R202,CHIN
2025,2,1,YBK,3A,R202,MATH
2025,2,2,LTW,3A,R202,CHIN
2025,2,3,TIS,3A,PG1,PE
2025,2,4,TIS,3A,PG1,PE
2025,2,5,KCK,3A,CR2,CL
2025,2,5,LWKA,3A,CR3,CL
2025,2,6,KCK,3A,CR2,CL
2025,2,6,LWKA,3A,CR3,CL
2025,2,7,CTHA,3A,R202,SCJ
2025,2,8,KLF,3A,R202,BUSF
2025,2,9,KLF,3A,R202,BUSF
2025,2,10,CMTA,3A,R202,ENG
2025,2,10,FCQA,3A,R321,ENG
2025,2,10,LCM,3A,ERC,ENG
2025,2,10,TSM,3A,R322,ENG
2025,3,1,CMTA,3A,R202,ENG
2025,3,1,FCQA,3A,R321,ENG
2025,3,1,LCM,3A,ERC,ENG
2025,3,1,TSM,3A,R322,ENG
2025,3,2,LTW,3A,R202,CHIN
2025,3,3,CHM,3A,R202,PTH
2025,3,4,YBK,3A,R202,MATH
2025,3,5,CTHA,3A,PHY,SCJ
2025,3,6,CTHA,3A,PHY,SCJ
2025,3,7,HCHA,3A,MUS,MUS
2025,3,8,CWL,3A,R202,ARD
2025,3,9,CMTA,3A,R202,CPA
2025,3,9,CWL,3A,R202,CPA
2025,4,1,LTW,3A,R202,CHIN
2025,4,2,LTW,3A,R202,CHIN
2025,4,3,CSYA,3A,DF,VA
2025,4,4,CSYA,3A,DF,VA
2025,4,5,CTHA,3A,R202,SCJ
2025,4,6,FSC,3A,R202,CES
2025,4,7,FSC,3A,R202,CES
2025,4,8,YBK,3A,R202,MATH
2025,4,9,LYMA,3A,HTSC,STEM
2025,4,9,WAI,3A,HTSC,STEM
2025,4,10,LYMA,3A,HTSC,STEM
2025,4,10,WAI,3A,HTSC,STEM
2025,5,1,CTHA,3A,PHY,SCJ
2025,5,2,CTHA,3A,PHY,SCJ
2025,5,3,NMY,3A,R202,BMVE
2025,5,4,NMY,3A,R202,BMVE
2025,5,5,CMTA,3A,R202,ENG
2025,5,5,FCQA,3A,R422,ENG
2025,5,5,TSM,3A,R322,ENG
2025,5,6,CMTA,3A,R202,ENG
2025,5,6,FCQA,3A,R422,ENG
2025,5,6,TSM,3A,R322,ENG
2025,5,7,YBK,3A,R202,MATH
2025,5,8,CWL,3A,R202,CHIS
2025,5,9,CWL,3A,R202,CHIS
2025,5,10,CMTA,3A,R202,ENG
2025,5,10,FCQA,3A,R321,ENG
2025,5,10,LCM,3A,ERC,ENG
2025,5,10,TSM,3A,R322,ENG
2025,1,1,MKYA,3B,R322,CHIN
2025,1,2,MKYA,3B,R322,CHIN
2025,1,3,CMTA,3B,R202,ENG
2025,1,3,FCQA,3B,R422,ENG
2025,1,3,TSM,3B,R322,ENG
2025,1,4,CMTA,3B,R202,ENG
2025,1,4,FCQA,3B,R422,ENG
2025,1,4,TSM,3B,R322,ENG
2025,1,5,KKH,3B,R322,SCJ
2025,1,6,CSKA,3B,R322,MATH
2025,1,7,CSKA,3B,R322,MATH
2025,1,8,CWL,3B,R322,CHIS
2025,1,9,CWL,3B,R322,CHIS
2025,1,10,LHYB,3B,R322,HIST
2025,2,1,KKH,3B,PHY,SCJ
2025,2,2,KKH,3B,PHY,SCJ
2025,2,3,CHM,3B,R322,PTH
2025,2,4,CSKA,3B,R322,MATH
2025,2,5,MKYA,3B,R322,CHIN
2025,2,6,MKYA,3B,R322,CHIN
2025,2,7,HCHA,3B,MUS,MUS
2025,2,8,KYM,3B,CR1,CL
2025,2,8,LWKA,3B,CR3,CL
2025,2,9,KYM,3B,CR1,CL
2025,2,9,LWKA,3B,CR3,CL
2025,2,10,CMTA,3B,R202,ENG
2025,2,10,FCQA,3B,R321,ENG
2025,2,10,LCM,3B,ERC,ENG
2025,2,10,TSM,3B,R322,ENG
2025,3,1,CMTA,3B,R202,ENG
2025,3,1,FCQA,3B,R321,ENG
2025,3,1,LCM,3B,ERC,ENG
2025,3,1,TSM,3B,R322,ENG
2025,3,2,CSKA,3B,R322,MATH
2025,3,3,NMY,3B,R322,BMVE
2025,3,4,NMY,3B,R322,BMVE
2025,3,5,KKH,3B,R322,SCJ
2025,3,6,CPK,3B,R322,BUSF
2025,3,7,CPK,3B,R322,BUSF
2025,3,8,TSM,3B,R322,ARD
2025,3,9,MKYA,3B,R322,CPA
2025,3,9,TSM,3B,R322,CPA
2025,4,1,CSYA,3B,DF,VA
2025,4,2,CSYA,3B,DF,VA
2025,4,3,LCW,3B,HTSC,STEM
2025,4,3,WAI,3B,HTSC,STEM
2025,4,4,LCW,3B,HTSC,STEM
2025,4,4,WAI,3B,HTSC,STEM
2025,4,5,CSKA,3B,R322,MATH
2025,4,6,CSKA,3B,R322,MATH
2025,4,7,MKYA,3B,R322,CHIN
2025,4,8,WSWA,3B,R322,GEOG
2025,4,9,SSTA,3B,PG1,PE
2025,4,10,SSTA,3B,PG1,PE
2025,5,1,FSC,3B,R322,CES
2025,5,2,FSC,3B,R322,CES
2025,5,3,KKH,3B,PHY,SCJ
2025,5,4,KKH,3B,PHY,SCJ
2025,5,5,CMTA,3B,R202,ENG
2025,5,5,FCQA,3B,R422,ENG
2025,5,5,TSM,3B,R322,ENG
2025,5,6,CMTA,3B,R202,ENG
2025,5,6,FCQA,3B,R422,ENG
2025,5,6,TSM,3B,R322,ENG
2025,5,7,MKYA,3B,R322,CHIN
2025,5,8,CPK,3B,R322,BUSF
2025,5,9,CPK,3B,R322,BUSF
2025,5,10,CMTA,3B,R202,ENG
2025,5,10,FCQA,3B,R321,ENG
2025,5,10,LCM,3B,ERC,ENG
2025,5,10,TSM,3B,R322,ENG
2025,1,1,NMY,3C,R102,BMVE
2025,1,2,NMY,3C,R102,BMVE
2025,1,3,KCHA,3C,R102,MATH
2025,1,4,KCHA,3C,R102,MATH
2025,1,5,TMHA,3C,R102,BUSF
2025,1,6,TMHA,3C,R102,BUSF
2025,1,7,SHLA,3C,R102,ENG
2025,1,8,CTHA,3C,R102,SCJ
2025,1,9,PKK,3C,R102,CHIN
2025,1,10,PKK,3C,R102,CHIN
2025,2,1,CWL,3C,R102,CHIS
2025,2,2,CWL,3C,R102,CHIS
2025,2,3,FSC,3C,R102,CES
2025,2,4,FSC,3C,R102,CES
2025,2,5,PKK,3C,R102,CHIN
2025,2,6,TMHA,3C,R102,BUSF
2025,2,7,TMHA,3C,R102,BUSF
2025,2,8,SHLA,3C,R102,ENG
2025,2,9,SHLA,3C,R102,ENG
2025,2,10,KCHA,3C,R102,MATH
2025,3,1,CHM,3C,R102,PTH
2025,3,2,KCHA,3C,R102,MATH
2025,3,3,PKK,3C,R102,CHIN
2025,3,4,CTHA,3C,R102,SCJ
2025,3,5,LYMA,3C,KFIC,STEM
2025,3,5,WAI,3C,KFIC,STEM
2025,3,6,LYMA,3C,KFIC,STEM
2025,3,6,WAI,3C,KFIC,STEM
2025,3,7,SHLA,3C,R102,ENG
2025,3,8,PKK,3C,R102,ARD
2025,3,9,KYM,3C,R102,CPA
2025,3,9,PKK,3C,R102,CPA
2025,4,1,WSWA,3C,R102,GEOG
2025,4,2,LCM,3C,R102,ENG
2025,4,2,SHLA,3C,R102,ENG
2025,4,3,CTHA,3C,PHY,SCJ
2025,4,4,CTHA,3C,PHY,SCJ
2025,4,5,NSK,3C,DF,VA
2025,4,6,NSK,3C,DF,VA
2025,4,7,LHYB,3C,R102,HIST
2025,4,8,KCHA,3C,R102,MATH
2025,4,9,LKYA,3C,PG2,PE
2025,4,10,LKYA,3C,PG2,PE
2025,5,1,PKK,3C,R102,CHIN
2025,5,2,PKK,3C,R102,CHIN
2025,5,3,KCK,3C,CR2,CL
2025,5,3,KYM,3C,CR1,CL
2025,5,4,KCK,3C,CR2,CL
2025,5,4,KYM,3C,CR1,CL
2025,5,5,HCHA,3C,MUS,MUS
2025,5,6,CTHA,3C,PHY,SCJ
2025,5,7,CTHA,3C,PHY,SCJ
2025,5,8,KCHA,3C,R102,MATH
2025,5,9,SHLA,3C,R102,ENG
2025,5,10,SHLA,3C,R102,ENG
2025,1,1,CWL,3D,R304,CHIS
2025,1,2,CWL,3D,R304,CHIS
2025,1,3,LYF,3D,R304,BUSF
2025,1,4,LYF,3D,R304,BUSF
2025,1,5,CHM,3D,R304,PTH
2025,1,6,FMKA,3D,PHY,SCJ
2025,1,7,FMKA,3D,PHY,SCJ
2025,1,8,FCQA,3D,R304,ENG
2025,1,9,FCQA,3D,R304,ENG
2025,1,10,LPHA,3D,R304,MATH
2025,2,1,LYMA,3D,KFIC,STEM
2025,2,1,WAI,3D,KFIC,STEM
2025,2,2,LYMA,3D,KFIC,STEM
2025,2,2,WAI,3D,KFIC,STEM
2025,2,3,LKYA,3D,PG2,PE
2025,2,4,LKYA,3D,PG2,PE
2025,2,5,NSK,3D,DF,VA
2025,2,6,NSK,3D,DF,VA
2025,2,7,FMKA,3D,R304,SCJ
2025,2,8,FCQA,3D,R304,ENG
2025,2,9,LEW,3D,R304,CHIN
2025,2,10,LPHA,3D,R304,MATH
2025,3,1,NMY,3D,R304,BMVE
2025,3,2,NMY,3D,R304,BMVE
2025,3,3,LPHA,3D,R304,MATH
2025,3,4,FCQA,3D,R304,ENG
2025,3,5,LEW,3D,R304,CHIN
2025,3,6,LEW,3D,R304,CHIN
2025,3,7,LHYB,3D,R304,HIST
2025,3,8,LHYB,3D,R304,ARD
2025,3,9,FCQA,3D,R304,CPA
2025,3,9,LHYB,3D,R304,CPA
2025,4,1,FCQA,3D,R304,ENG
2025,4,2,FCQA,3D,R304,ENG
2025,4,3,KYM,3D,CR1,CL
2025,4,3,LWKA,3D,CR3,CL
2025,4,4,KYM,3D,CR1,CL
2025,4,4,LWKA,3D,CR3,CL
2025,4,5,LPHA,3D,R304,MATH
2025,4,6,LPHA,3D,R304,MATH
2025,4,7,FMKA,3D,R304,SCJ
2025,4,8,FSC,3D,R304,CES
2025,4,9,FSC,3D,R304,CES
2025,4,10,LEW,3D,R304,CHIN
2025,5,1,LEW,3D,R304,CHIN
2025,5,2,LEW,3D,R304,CHIN
2025,5,3,FCQA,3D,R304,ENG
2025,5,4,WSWA,3D,R304,GEOG
2025,5,5,LYF,3D,R304,BUSF
2025,5,6,LYF,3D,R304,BUSF
2025,5,7,LPHA,3D,R304,MATH
2025,5,8,HCHA,3D,MUS,MUS
2025,5,9,FMKA,3D,PHY,SCJ
2025,5,10,FMKA,3D,PHY,SCJ
2025,1,1,CSYA,4A,AD,VAD
2025,1,1,KLF,4A,R203,Acc
2025,1,1,LTSA,4A,PHY,PHY
2025,1,1,MKW,4A,R401,ERS
2025,1,1,TMHA,4A,R204,BM
2025,1,2,CSYA,4A,AD,VAD
2025,1,2,KLF,4A,R203,Acc
2025,1,2,LTSA,4A,PHY,PHY
2025,1,2,MKW,4A,R401,ERS
2025,1,2,TMHA,4A,R204,BM
2025,1,3,CHLA,4A,R204,CHIS
2025,1,3,CPK,4A,R203,ECON
2025,1,3,CTHA,4A,CHEM,CHEM
2025,1,3,TKSA,4A,R401,HMSC
2025,1,3,TLW,4A,R321,THS2
2025,1,4,CHLA,4A,R204,CHIS
2025,1,4,CPK,4A,R203,ECON
2025,1,4,CTHA,4A,CHEM,CHEM
2025,1,4,TKSA,4A,R401,HMSC
2025,1,4,TLW,4A,R321,THS2
2025,1,5,CSK,4A,R204,MACO
2025,1,5,KCHA,4A,R321,MACO
2025,1,5,MHN,4A,R203,MACO
2025,1,6,CHLA,4A,R204,CS
2025,1,7,CHLA,4A,R204,CS
2025,1,8,CMTA,4A,R204,ENG
2025,1,8,CMYA,4A,R321,ENG
2025,1,8,SHLA,4A,R401,ENG
2025,1,8,TKYA,4A,R203,ENG
2025,1,9,CMTA,4A,R204,ENG
2025,1,9,CMYA,4A,R321,ENG
2025,1,9,SHLA,4A,R401,ENG
2025,1,9,TKYA,4A,R203,ENG
2025,1,10,PCS,4A,R204,CHIN
2025,2,1,CHLA,4A,R204,CHIS
2025,2,1,CPK,4A,R203,ECON
2025,2,1,CTHA,4A,CHEM,CHEM
2025,2,1,TKSA,4A,R401,HMSC
2025,2,1,TLW,4A,R321,THS2
2025,2,2,CHLA,4A,R204,CHIS
2025,2,2,CPK,4A,R203,ECON
2025,2,2,CTHA,4A,CHEM,CHEM
2025,2,2,TKSA,4A,R401,HMSC
2025,2,2,TLW,4A,R321,THS2
2025,2,3,CSYA,4A,AD,VAD
2025,2,3,KLF,4A,R203,Acc
2025,2,3,LTSA,4A,PHY,PHY
2025,2,3,MKW,4A,R401,ERS
2025,2,3,TMHA,4A,R204,BM
2025,2,4,CSYA,4A,AD,VAD
2025,2,4,KLF,4A,R203,Acc
2025,2,4,LTSA,4A,PHY,PHY
2025,2,4,MKW,4A,R401,ERS
2025,2,4,TMHA,4A,R204,BM
2025,2,5,CMTA,4A,R204,ENG
2025,2,5,CMYA,4A,R321,ENG
2025,2,5,LCM,4A,ERC,ENG
2025,2,5,SHLA,4A,R401,ENG
2025,2,5,TKYA,4A,R203,ENG
2025,2,6,PCS,4A,R204,CHIN
2025,2,7,PCS,4A,R204,CHIN
2025,2,8,KCK,4A,CR2,ICT
2025,2,8,LHCA,4A,BIO,BIO3
2025,2,8,LYK,4A,DF,VAD3
2025,2,8,MHN,4A,R204,MAM2
2025,2,8,MKW,4A,R401,ERS3
2025,2,8,SSTA,4A,R203,THS3
2025,2,9,KCK,4A,CR2,ICT
2025,2,9,LHCA,4A,BIO,BIO3
2025,2,9,LYK,4A,DF,VAD3
2025,2,9,MHN,4A,R204,MAM2
2025,2,9,MKW,4A,R401,ERS3
2025,2,9,SSTA,4A,R203,THS3
2025,2,10,PCS,4A,R204,Read
2025,3,1,KCK,4A,CR2,ICT
2025,3,1,LHCA,4A,R201,BIO3
2025,3,1,LYK,4A,DF,VAD3
2025,3,1,MHN,4A,R204,MAM2
2025,3,1,MKW,4A,R401,ERS3
2025,3,1,SSTA,4A,R203,THS3
2025,3,2,KCK,4A,CR2,ICT
2025,3,2,LHCA,4A,R201,BIO3
2025,3,2,LYK,4A,DF,VAD3
2025,3,2,MHN,4A,R204,MAM2
2025,3,2,MKW,4A,R401,ERS3
2025,3,2,SSTA,4A,R203,THS3
2025,3,3,PCS,4A,R204,CHIN
2025,3,4,PCS,4A,R204,CHIN
2025,3,5,CMTA,4A,R204,ENG
2025,3,5,CMYA,4A,R321,ENG
2025,3,5,LCM,4A,ERC,ENG
2025,3,5,SHLA,4A,R401,ENG
2025,3,5,TKYA,4A,R203,ENG
2025,3,6,CSK,4A,R204,MACO
2025,3,6,KCHA,4A,R321,MACO
2025,3,6,MHN,4A,R203,MACO
2025,3,7,CSK,4A,R204,MACO
2025,3,7,KCHA,4A,R321,MACO
2025,3,7,MHN,4A,R203,MACO
2025,3,8,CMYA,4A,R204,ARD
2025,3,9,PCS,4A,R204,CPA
2025,3,9,TMHA,4A,R204,CPA
2025,4,1,CHLA,4A,R204,CHIS
2025,4,1,CPK,4A,R203,ECON
2025,4,1,CTHA,4A,CHEM,CHEM
2025,4,1,TKSA,4A,R401,HMSC
2025,4,1,TLW,4A,R321,THS2
2025,4,2,CHLA,4A,R204,CHIS
2025,4,2,CPK,4A,R203,ECON
2025,4,2,CTHA,4A,CHEM,CHEM
2025,4,2,TKSA,4A,R401,HMSC
2025,4,2,TLW,4A,R321,THS2
2025,4,3,SSTA,4A,PG1,PE
2025,4,4,SSTA,4A,PG1,PE
2025,4,5,CMTA,4A,R204,ENG
2025,4,5,CMYA,4A,R321,ENG
2025,4,5,SHLA,4A,R401,ENG
2025,4,5,TKYA,4A,R203,ENG
2025,4,6,CMTA,4A,R204,ENG
2025,4,6,CMYA,4A,R321,ENG
2025,4,6,SHLA,4A,R401,ENG
2025,4,6,TKYA,4A,R203,ENG
2025,4,7,CSK,4A,R204,MACO
2025,4,7,KCHA,4A,R321,MACO
2025,4,7,MHN,4A,R203,MACO
2025,4,8,CSYA,4A,AD,VAD
2025,4,8,KLF,4A,R203,Acc
2025,4,8,LTSA,4A,PHY,PHY
2025,4,8,MKW,4A,R401,ERS
2025,4,8,TMHA,4A,R204,BM
2025,4,9,CSYA,4A,AD,VAD
2025,4,9,KLF,4A,R203,Acc
2025,4,9,LTSA,4A,PHY,PHY
2025,4,9,MKW,4A,R401,ERS
2025,4,9,TMHA,4A,R204,BM
2025,4,10,CMYA,4A,R204,Read
2025,5,1,CSK,4A,R204,MACO
2025,5,1,KCHA,4A,R321,MACO
2025,5,1,MHN,4A,R203,MACO
2025,5,2,CSK,4A,R204,MACO
2025,5,2,KCHA,4A,R321,MACO
2025,5,2,MHN,4A,R203,MACO
2025,5,3,CMTA,4A,R204,ENG
2025,5,3,CMYA,4A,R321,ENG
2025,5,3,LCM,4A,ERC,ENG
2025,5,3,SHLA,4A,R401,ENG
2025,5,3,TKYA,4A,R203,ENG
2025,5,4,CMTA,4A,R204,ENG
2025,5,4,CMYA,4A,R321,ENG
2025,5,4,LCM,4A,ERC,ENG
2025,5,4,SHLA,4A,R401,ENG
2025,5,4,TKYA,4A,R203,ENG
2025,5,5,KCK,4A,CR2,ICT
2025,5,5,LHCA,4A,BIO,BIO3
2025,5,5,LYK,4A,DF,VAD3
2025,5,5,MHN,4A,R204,MAM2
2025,5,5,MKW,4A,R401,ERS3
2025,5,5,SSTA,4A,R203,THS3
2025,5,6,KCK,4A,CR2,ICT
2025,5,6,LHCA,4A,BIO,BIO3
2025,5,6,LYK,4A,DF,VAD3
2025,5,6,MHN,4A,R204,MAM2
2025,5,6,MKW,4A,R401,ERS3
2025,5,6,SSTA,4A,R203,THS3
2025,5,7,PCS,4A,R204,CHIN
2025,5,8,HXYA,4A,R204,IAE
2025,5,8,MKW,4A,R204,BMVE
2025,5,9,HXYA,4A,R204,IAE
2025,5,9,MKW,4A,R204,BMVE
2025,5,10,CHLA,4A,R204,CS
2025,1,1,CSYA,4B,AD,VAD
2025,1,1,KLF,4B,R203,Acc
2025,1,1,LTSA,4B,PHY,PHY
2025,1,1,MKW,4B,R401,ERS
2025,1,1,TMHA,4B,R204,BM
2025,1,2,CSYA,4B,AD,VAD
2025,1,2,KLF,4B,R203,Acc
2025,1,2,LTSA,4B,PHY,PHY
2025,1,2,MKW,4B,R401,ERS
2025,1,2,TMHA,4B,R204,BM
2025,1,3,CHLA,4B,R204,CHIS
2025,1,3,CPK,4B,R203,ECON
2025,1,3,CTHA,4B,CHEM,CHEM
2025,1,3,TKSA,4B,R401,HMSC
2025,1,3,TLW,4B,R321,THS2
2025,1,4,CHLA,4B,R204,CHIS
2025,1,4,CPK,4B,R203,ECON
2025,1,4,CTHA,4B,CHEM,CHEM
2025,1,4,TKSA,4B,R401,HMSC
2025,1,4,TLW,4B,R321,THS2
2025,1,5,CSK,4B,R204,MACO
2025,1,5,KCHA,4B,R321,MACO
2025,1,5,MHN,4B,R203,MACO
2025,1,6,CHM,4B,R203,CHIN
2025,1,7,CHM,4B,R203,CHIN
2025,1,8,CMTA,4B,R204,ENG
2025,1,8,CMYA,4B,R321,ENG
2025,1,8,SHLA,4B,R401,ENG
2025,1,8,TKYA,4B,R203,ENG
2025,1,9,CMTA,4B,R204,ENG
2025,1,9,CMYA,4B,R321,ENG
2025,1,9,SHLA,4B,R401,ENG
2025,1,9,TKYA,4B,R203,ENG
2025,1,10,FSC,4B,R203,CS
2025,2,1,CHLA,4B,R204,CHIS
2025,2,1,CPK,4B,R203,ECON
2025,2,1,CTHA,4B,CHEM,CHEM
2025,2,1,TKSA,4B,R401,HMSC
2025,2,1,TLW,4B,R321,THS2
2025,2,2,CHLA,4B,R204,CHIS
2025,2,2,CPK,4B,R203,ECON
2025,2,2,CTHA,4B,CHEM,CHEM
2025,2,2,TKSA,4B,R401,HMSC
2025,2,2,TLW,4B,R321,THS2
2025,2,3,CSYA,4B,AD,VAD
2025,2,3,KLF,4B,R203,Acc
2025,2,3,LTSA,4B,PHY,PHY
2025,2,3,MKW,4B,R401,ERS
2025,2,3,TMHA,4B,R204,BM
2025,2,4,CSYA,4B,AD,VAD
2025,2,4,KLF,4B,R203,Acc
2025,2,4,LTSA,4B,PHY,PHY
2025,2,4,MKW,4B,R401,ERS
2025,2,4,TMHA,4B,R204,BM
2025,2,5,CMTA,4B,R204,ENG
2025,2,5,CMYA,4B,R321,ENG
2025,2,5,LCM,4B,ERC,ENG
2025,2,5,SHLA,4B,R401,ENG
2025,2,5,TKYA,4B,R203,ENG
2025,2,6,CSYA,4B,R203,IAE
2025,2,6,MKW,4B,R203,BMVE
2025,2,7,CSYA,4B,R203,IAE
2025,2,7,MKW,4B,R203,BMVE
2025,2,8,KCK,4B,CR2,ICT
2025,2,8,LHCA,4B,BIO,BIO3
2025,2,8,LYK,4B,DF,VAD3
2025,2,8,MHN,4B,R204,MAM2
2025,2,8,MKW,4B,R401,ERS3
2025,2,8,SSTA,4B,R203,THS3
2025,2,9,KCK,4B,CR2,ICT
2025,2,9,LHCA,4B,BIO,BIO3
2025,2,9,LYK,4B,DF,VAD3
2025,2,9,MHN,4B,R204,MAM2
2025,2,9,MKW,4B,R401,ERS3
2025,2,9,SSTA,4B,R203,THS3
2025,2,10,SHLA,4B,R203,Read
2025,3,1,KCK,4B,CR2,ICT
2025,3,1,LHCA,4B,R201,BIO3
2025,3,1,LYK,4B,DF,VAD3
2025,3,1,MHN,4B,R204,MAM2
2025,3,1,MKW,4B,R401,ERS3
2025,3,1,SSTA,4B,R203,THS3
2025,3,2,KCK,4B,CR2,ICT
2025,3,2,LHCA,4B,R201,BIO3
2025,3,2,LYK,4B,DF,VAD3
2025,3,2,MHN,4B,R204,MAM2
2025,3,2,MKW,4B,R401,ERS3
2025,3,2,SSTA,4B,R203,THS3
2025,3,3,TIS,4B,PG1,PE
2025,3,4,TIS,4B,PG1,PE
2025,3,5,CMTA,4B,R204,ENG
2025,3,5,CMYA,4B,R321,ENG
2025,3,5,LCM,4B,ERC,ENG
2025,3,5,SHLA,4B,R401,ENG
2025,3,5,TKYA,4B,R203,ENG
2025,3,6,CSK,4B,R204,MACO
2025,3,6,KCHA,4B,R321,MACO
2025,3,6,MHN,4B,R203,MACO
2025,3,7,CSK,4B,R204,MACO
2025,3,7,KCHA,4B,R321,MACO
2025,3,7,MHN,4B,R203,MACO
2025,3,8,TMHA,4B,R203,ARD
2025,3,9,CSK,4B,R203,CPA
2025,3,9,NMY,4B,R203,CPA
2025,4,1,CHLA,4B,R204,CHIS
2025,4,1,CPK,4B,R203,ECON
2025,4,1,CTHA,4B,CHEM,CHEM
2025,4,1,TKSA,4B,R401,HMSC
2025,4,1,TLW,4B,R321,THS2
2025,4,2,CHLA,4B,R204,CHIS
2025,4,2,CPK,4B,R203,ECON
2025,4,2,CTHA,4B,CHEM,CHEM
2025,4,2,TKSA,4B,R401,HMSC
2025,4,2,TLW,4B,R321,THS2
2025,4,3,CHM,4B,R203,CHIN
2025,4,4,CHM,4B,R203,CHIN
2025,4,5,CMTA,4B,R204,ENG
2025,4,5,CMYA,4B,R321,ENG
2025,4,5,SHLA,4B,R401,ENG
2025,4,5,TKYA,4B,R203,ENG
2025,4,6,CMTA,4B,R204,ENG
2025,4,6,CMYA,4B,R321,ENG
2025,4,6,SHLA,4B,R401,ENG
2025,4,6,TKYA,4B,R203,ENG
2025,4,7,CSK,4B,R204,MACO
2025,4,7,KCHA,4B,R321,MACO
2025,4,7,MHN,4B,R203,MACO
2025,4,8,CSYA,4B,AD,VAD
2025,4,8,KLF,4B,R203,Acc
2025,4,8,LTSA,4B,PHY,PHY
2025,4,8,MKW,4B,R401,ERS
2025,4,8,TMHA,4B,R204,BM
2025,4,9,CSYA,4B,AD,VAD
2025,4,9,KLF,4B,R203,Acc
2025,4,9,LTSA,4B,PHY,PHY
2025,4,9,MKW,4B,R401,ERS
2025,4,9,TMHA,4B,R204,BM
2025,4,10,SHLA,4B,R203,Read
2025,5,1,CSK,4B,R204,MACO
2025,5,1,KCHA,4B,R321,MACO
2025,5,1,MHN,4B,R203,MACO
2025,5,2,CSK,4B,R204,MACO
2025,5,2,KCHA,4B,R321,MACO
2025,5,2,MHN,4B,R203,MACO
2025,5,3,CMTA,4B,R204,ENG
2025,5,3,CMYA,4B,R321,ENG
2025,5,3,LCM,4B,ERC,ENG
2025,5,3,SHLA,4B,R401,ENG
2025,5,3,TKYA,4B,R203,ENG
2025,5,4,CMTA,4B,R204,ENG
2025,5,4,CMYA,4B,R321,ENG
2025,5,4,LCM,4B,ERC,ENG
2025,5,4,SHLA,4B,R401,ENG
2025,5,4,TKYA,4B,R203,ENG
2025,5,5,KCK,4B,CR2,ICT
2025,5,5,LHCA,4B,BIO,BIO3
2025,5,5,LYK,4B,DF,VAD3
2025,5,5,MHN,4B,R204,MAM2
2025,5,5,MKW,4B,R401,ERS3
2025,5,5,SSTA,4B,R203,THS3
2025,5,6,KCK,4B,CR2,ICT
2025,5,6,LHCA,4B,BIO,BIO3
2025,5,6,LYK,4B,DF,VAD3
2025,5,6,MHN,4B,R204,MAM2
2025,5,6,MKW,4B,R401,ERS3
2025,5,6,SSTA,4B,R203,THS3
2025,5,7,CHM,4B,R203,CHIN
2025,5,8,CHM,4B,R203,CHIN
2025,5,9,FSC,4B,R203,CS
2025,5,10,FSC,4B,R203,CS
2025,1,1,CSYA,4C,AD,VAD
2025,1,1,KLF,4C,R203,Acc
2025,1,1,LTSA,4C,PHY,PHY
2025,1,1,MKW,4C,R401,ERS
2025,1,1,TMHA,4C,R204,BM
2025,1,2,CSYA,4C,AD,VAD
2025,1,2,KLF,4C,R203,Acc
2025,1,2,LTSA,4C,PHY,PHY
2025,1,2,MKW,4C,R401,ERS
2025,1,2,TMHA,4C,R204,BM
2025,1,3,CHLA,4C,R204,CHIS
2025,1,3,CPK,4C,R203,ECON
2025,1,3,CTHA,4C,CHEM,CHEM
2025,1,3,TKSA,4C,R401,HMSC
2025,1,3,TLW,4C,R321,THS2
2025,1,4,CHLA,4C,R204,CHIS
2025,1,4,CPK,4C,R203,ECON
2025,1,4,CTHA,4C,CHEM,CHEM
2025,1,4,TKSA,4C,R401,HMSC
2025,1,4,TLW,4C,R321,THS2
2025,1,5,HCHA,4C,R401,IAE
2025,1,5,MKW,4C,R401,BMVE
2025,1,6,HCHA,4C,R401,IAE
2025,1,6,MKW,4C,R401,BMVE
2025,1,7,CSW,4C,R401,CHIN
2025,1,8,CMTA,4C,R204,ENG
2025,1,8,CMYA,4C,R321,ENG
2025,1,8,SHLA,4C,R401,ENG
2025,1,8,TKYA,4C,R203,ENG
2025,1,9,CMTA,4C,R204,ENG
2025,1,9,CMYA,4C,R321,ENG
2025,1,9,SHLA,4C,R401,ENG
2025,1,9,TKYA,4C,R203,ENG
2025,1,10,CSKA,4C,R401,MACO
2025,2,1,CHLA,4C,R204,CHIS
2025,2,1,CPK,4C,R203,ECON
2025,2,1,CTHA,4C,CHEM,CHEM
2025,2,1,TKSA,4C,R401,HMSC
2025,2,1,TLW,4C,R321,THS2
2025,2,2,CHLA,4C,R204,CHIS
2025,2,2,CPK,4C,R203,ECON
2025,2,2,CTHA,4C,CHEM,CHEM
2025,2,2,TKSA,4C,R401,HMSC
2025,2,2,TLW,4C,R321,THS2
2025,2,3,CSYA,4C,AD,VAD
2025,2,3,KLF,4C,R203,Acc
2025,2,3,LTSA,4C,PHY,PHY
2025,2,3,MKW,4C,R401,ERS
2025,2,3,TMHA,4C,R204,BM
2025,2,4,CSYA,4C,AD,VAD
2025,2,4,KLF,4C,R203,Acc
2025,2,4,LTSA,4C,PHY,PHY
2025,2,4,MKW,4C,R401,ERS
2025,2,4,TMHA,4C,R204,BM
2025,2,5,CMTA,4C,R204,ENG
2025,2,5,CMYA,4C,R321,ENG
2025,2,5,LCM,4C,ERC,ENG
2025,2,5,SHLA,4C,R401,ENG
2025,2,5,TKYA,4C,R203,ENG
2025,2,6,LTYA,4C,R401,CS
2025,2,7,LTYA,4C,R401,CS
2025,2,8,KCK,4C,CR2,ICT
2025,2,8,LHCA,4C,BIO,BIO3
2025,2,8,LYK,4C,DF,VAD3
2025,2,8,MHN,4C,R204,MAM2
2025,2,8,MKW,4C,R401,ERS3
2025,2,8,SSTA,4C,R203,THS3
2025,2,9,KCK,4C,CR2,ICT
2025,2,9,LHCA,4C,BIO,BIO3
2025,2,9,LYK,4C,DF,VAD3
2025,2,9,MHN,4C,R204,MAM2
2025,2,9,MKW,4C,R401,ERS3
2025,2,9,SSTA,4C,R203,THS3
2025,2,10,TKYA,4C,R401,Read
2025,3,1,KCK,4C,CR2,ICT
2025,3,1,LHCA,4C,R201,BIO3
2025,3,1,LYK,4C,DF,VAD3
2025,3,1,MHN,4C,R204,MAM2
2025,3,1,MKW,4C,R401,ERS3
2025,3,1,SSTA,4C,R203,THS3
2025,3,2,KCK,4C,CR2,ICT
2025,3,2,LHCA,4C,R201,BIO3
2025,3,2,LYK,4C,DF,VAD3
2025,3,2,MHN,4C,R204,MAM2
2025,3,2,MKW,4C,R401,ERS3
2025,3,2,SSTA,4C,R203,THS3
2025,3,3,CSW,4C,R401,CHIN
2025,3,4,CSW,4C,R401,CHIN
2025,3,5,CMTA,4C,R204,ENG
2025,3,5,CMYA,4C,R321,ENG
2025,3,5,LCM,4C,ERC,ENG
2025,3,5,SHLA,4C,R401,ENG
2025,3,5,TKYA,4C,R203,ENG
2025,3,6,CSKA,4C,R401,MACO
2025,3,7,CSKA,4C,R401,MACO
2025,3,8,TKSA,4C,R401,ARD
2025,3,9,SHLA,4C,R401,CPA
2025,3,9,TKSA,4C,R401,CPA
2025,4,1,CHLA,4C,R204,CHIS
2025,4,1,CPK,4C,R203,ECON
2025,4,1,CTHA,4C,CHEM,CHEM
2025,4,1,TKSA,4C,R401,HMSC
2025,4,1,TLW,4C,R321,THS2
2025,4,2,CHLA,4C,R204,CHIS
2025,4,2,CPK,4C,R203,ECON
2025,4,2,CTHA,4C,CHEM,CHEM
2025,4,2,TKSA,4C,R401,HMSC
2025,4,2,TLW,4C,R321,THS2
2025,4,3,TIS,4C,PG2,PE
2025,4,4,TIS,4C,PG2,PE
2025,4,5,CMTA,4C,R204,ENG
2025,4,5,CMYA,4C,R321,ENG
2025,4,5,SHLA,4C,R401,ENG
2025,4,5,TKYA,4C,R203,ENG
2025,4,6,CMTA,4C,R204,ENG
2025,4,6,CMYA,4C,R321,ENG
2025,4,6,SHLA,4C,R401,ENG
2025,4,6,TKYA,4C,R203,ENG
2025,4,7,CSKA,4C,R401,MACO
2025,4,8,CSYA,4C,AD,VAD
2025,4,8,KLF,4C,R203,Acc
2025,4,8,LTSA,4C,PHY,PHY
2025,4,8,MKW,4C,R401,ERS
2025,4,8,TMHA,4C,R204,BM
2025,4,9,CSYA,4C,AD,VAD
2025,4,9,KLF,4C,R203,Acc
2025,4,9,LTSA,4C,PHY,PHY
2025,4,9,MKW,4C,R401,ERS
2025,4,9,TMHA,4C,R204,BM
2025,4,10,TKSA,4C,R401,Read
2025,5,1,CSKA,4C,R401,MACO
2025,5,2,CSKA,4C,R401,MACO
2025,5,3,CMTA,4C,R204,ENG
2025,5,3,CMYA,4C,R321,ENG
2025,5,3,LCM,4C,ERC,ENG
2025,5,3,SHLA,4C,R401,ENG
2025,5,3,TKYA,4C,R203,ENG
2025,5,4,CMTA,4C,R204,ENG
2025,5,4,CMYA,4C,R321,ENG
2025,5,4,LCM,4C,ERC,ENG
2025,5,4,SHLA,4C,R401,ENG
2025,5,4,TKYA,4C,R203,ENG
2025,5,5,KCK,4C,CR2,ICT
2025,5,5,LHCA,4C,BIO,BIO3
2025,5,5,LYK,4C,DF,VAD3
2025,5,5,MHN,4C,R204,MAM2
2025,5,5,MKW,4C,R401,ERS3
2025,5,5,SSTA,4C,R203,THS3
2025,5,6,KCK,4C,CR2,ICT
2025,5,6,LHCA,4C,BIO,BIO3
2025,5,6,LYK,4C,DF,VAD3
2025,5,6,MHN,4C,R204,MAM2
2025,5,6,MKW,4C,R401,ERS3
2025,5,6,SSTA,4C,R203,THS3
2025,5,7,CSW,4C,R401,CHIN
2025,5,8,LTYA,4C,R401,CS
2025,5,9,CSW,4C,R401,CHIN
2025,5,10,CSW,4C,R401,CHIN
2025,1,1,NKK,4D,R201,CHIN
2025,1,2,NKK,4D,R201,CHIN
2025,1,3,WKY,4D,R201,ENG
2025,1,4,WKY,4D,R201,ENG
2025,1,5,LYF,4D,R201,CS
2025,1,6,LYF,4D,R201,CS
2025,1,7,NHCA,4D,R201,MACO
2025,1,8,LYMA,4D,R201,IAE
2025,1,8,MKW,4D,R201,BMVE
2025,1,9,LYMA,4D,R201,IAE
2025,1,9,MKW,4D,R201,BMVE
2025,1,10,LCF,4D,R201,DL
2025,2,1,NHCA,4D,R201,MACO
2025,2,2,NHCA,4D,R201,MACO
2025,2,3,WKY,4D,R201,ENG
2025,2,4,WKY,4D,R201,ENG
2025,2,5,NKK,4D,R201,CHIN
2025,2,6,LCF,4D,R201,DL
2025,2,7,LCF,4D,R201,DL
2025,2,8,KCK,4D,CR2,ICT
2025,2,8,LHCA,4D,BIO,BIO3
2025,2,8,LYK,4D,DF,VAD3
2025,2,8,MHN,4D,R204,MAM2
2025,2,8,MKW,4D,R401,ERS3
2025,2,8,SSTA,4D,R203,THS3
2025,2,9,KCK,4D,CR2,ICT
2025,2,9,LHCA,4D,BIO,BIO3
2025,2,9,LYK,4D,DF,VAD3
2025,2,9,MHN,4D,R204,MAM2
2025,2,9,MKW,4D,R401,ERS3
2025,2,9,SSTA,4D,R203,THS3
2025,2,10,NKK,4D,R201,Read
2025,3,1,KCK,4D,CR2,ICT
2025,3,1,LHCA,4D,R201,BIO3
2025,3,1,LYK,4D,DF,VAD3
2025,3,1,MHN,4D,R204,MAM2
2025,3,1,MKW,4D,R401,ERS3
2025,3,1,SSTA,4D,R203,THS3
2025,3,2,KCK,4D,CR2,ICT
2025,3,2,LHCA,4D,R201,BIO3
2025,3,2,LYK,4D,DF,VAD3
2025,3,2,MHN,4D,R204,MAM2
2025,3,2,MKW,4D,R401,ERS3
2025,3,2,SSTA,4D,R203,THS3
2025,3,3,SSTA,4D,PG2,PE
2025,3,4,SSTA,4D,PG2,PE
2025,3,5,WKY,4D,R201,ENG
2025,3,6,NHCA,4D,R201,MACO
2025,3,7,NKK,4D,R201,CHIN
2025,3,8,LYF,4D,R201,ARD
2025,3,9,LYF,4D,R201,CPA
2025,3,9,NHCA,4D,R201,CPA
2025,4,1,LYF,4D,R201,HO
2025,4,2,LYF,4D,R201,HO
2025,4,3,LYF,4D,R201,HO
2025,4,4,LYF,4D,R201,HO
2025,4,5,LYF,4D,R201,APL
2025,4,6,LYF,4D,R201,APL
2025,4,7,LYF,4D,R201,APL
2025,4,8,LYF,4D,R201,DL
2025,4,9,WKY,4D,R201,ENG
2025,4,10,NKK,4D,R201,Read
2025,5,1,NKK,4D,R201,CHIN
2025,5,2,NKK,4D,R201,CHIN
2025,5,3,WKY,4D,R201,ENG
2025,5,4,WKY,4D,R201,ENG
2025,5,5,KCK,4D,CR2,ICT
2025,5,5,LHCA,4D,BIO,BIO3
2025,5,5,LYK,4D,DF,VAD3
2025,5,5,MHN,4D,R204,MAM2
2025,5,5,MKW,4D,R401,ERS3
2025,5,5,SSTA,4D,R203,THS3
2025,5,6,KCK,4D,CR2,ICT
2025,5,6,LHCA,4D,BIO,BIO3
2025,5,6,LYK,4D,DF,VAD3
2025,5,6,MHN,4D,R204,MAM2
2025,5,6,MKW,4D,R401,ERS3
2025,5,6,SSTA,4D,R203,THS3
2025,5,7,LYF,4D,R201,DL
2025,5,8,LYF,4D,R201,CS
2025,5,9,NHCA,4D,R201,MACO
2025,5,10,NHCA,4D,R201,MACO
2025,1,1,CHLA,5A,R413,CS
2025,1,2,CHLA,5A,R413,CS
2025,1,3,FMKA,5A,PHY,PHY
2025,1,3,LHCA,5A,BIO,BIO
2025,1,4,FMKA,5A,PHY,PHY
2025,1,4,LHCA,5A,BIO,BIO
2025,1,5,CCH,5A,CHEM,CHEM
2025,1,5,CPK,5A,R414,ECON
2025,1,5,CSYA,5A,AD,VAD
2025,1,5,CWL,5A,R412,CHIS
2025,1,5,TKSA,5A,R413,HMSC
2025,1,6,CCH,5A,CHEM,CHEM
2025,1,6,CPK,5A,R414,ECON
2025,1,6,CSYA,5A,AD,VAD
2025,1,6,CWL,5A,R412,CHIS
2025,1,6,TKSA,5A,R413,HMSC
2025,1,7,CMTA,5A,R422,ENG
2025,1,7,CSCA,5A,R413,ENG
2025,1,7,FCQA,5A,R414,ENG
2025,1,7,LCM,5A,ERC,ENG
2025,1,7,TSM,5A,R412,ENG
2025,1,8,CSK,5A,R413,MACO
2025,1,8,CSKA,5A,R422,MACO
2025,1,8,MHN,5A,R414,MACO
2025,1,9,CSK,5A,R413,MAM2
2025,1,9,KYM,5A,CR1,ICT
2025,1,9,LML,5A,R412,ERS3
2025,1,9,LYK,5A,AD,VAD3
2025,1,9,NKWA,5A,BIO,BIO3
2025,1,9,SSTA,5A,R414,THS3
2025,1,10,CSK,5A,R413,MAM2
2025,1,10,KYM,5A,CR1,ICT
2025,1,10,LML,5A,R412,ERS3
2025,1,10,LYK,5A,AD,VAD3
2025,1,10,NKWA,5A,BIO,BIO3
2025,1,10,SSTA,5A,R414,THS3
2025,2,1,CSK,5A,R413,MAM2
2025,2,1,KYM,5A,CR1,ICT
2025,2,1,LML,5A,R412,ERS3
2025,2,1,LYK,5A,AD,VAD3
2025,2,1,NKWA,5A,R402,BIO3
2025,2,1,SSTA,5A,R414,THS3
2025,2,2,CSK,5A,R413,MAM2
2025,2,2,KYM,5A,CR1,ICT
2025,2,2,LML,5A,R412,ERS3
2025,2,2,LYK,5A,AD,VAD3
2025,2,2,NKWA,5A,R402,BIO3
2025,2,2,SSTA,5A,R414,THS3
2025,2,3,CMTA,5A,R422,ENG
2025,2,3,CSCA,5A,R413,ENG
2025,2,3,FCQA,5A,R414,ENG
2025,2,3,LCM,5A,ERC,ENG
2025,2,3,TSM,5A,R412,ENG
2025,2,4,CMTA,5A,R422,ENG
2025,2,4,CSCA,5A,R413,ENG
2025,2,4,FCQA,5A,R414,ENG
2025,2,4,LCM,5A,ERC,ENG
2025,2,4,TSM,5A,R412,ENG
2025,2,5,CSK,5A,R413,MACO
2025,2,5,CSKA,5A,R422,MACO
2025,2,5,MHN,5A,R414,MACO
2025,2,6,CSK,5A,R413,MACO
2025,2,6,CSKA,5A,R422,MACO
2025,2,6,MHN,5A,R414,MACO
2025,2,7,CSW,5A,R413,CHIN
2025,2,7,NKK,5A,R414,CHIN
2025,2,7,PKK,5A,R422,CHIN
2025,2,8,CCH,5A,CHEM,CHEM
2025,2,8,CPK,5A,R414,ECON
2025,2,8,CSYA,5A,AD,VAD
2025,2,8,CWL,5A,R412,CHIS
2025,2,8,TKSA,5A,R413,HMSC
2025,2,9,CCH,5A,CHEM,CHEM
2025,2,9,CPK,5A,R414,ECON
2025,2,9,CSYA,5A,AD,VAD
2025,2,9,CWL,5A,R412,CHIS
2025,2,9,TKSA,5A,R413,HMSC
2025,2,10,CSCA,5A,R413,Read
2025,3,1,CSW,5A,R413,CHIN
2025,3,1,NKK,5A,R414,CHIN
2025,3,1,PKK,5A,R422,CHIN
2025,3,2,CSW,5A,R413,CHIN
2025,3,2,NKK,5A,R414,CHIN
2025,3,2,PKK,5A,R422,CHIN
2025,3,3,FMKA,5A,PHY,PHY
2025,3,3,LHCA,5A,R314,BIO
2025,3,4,FMKA,5A,PHY,PHY
2025,3,4,LHCA,5A,R314,BIO
2025,3,5,LKYA,5A,PG1,PE
2025,3,6,LKYA,5A,PG1,PE
2025,3,7,CHLA,5A,R413,CS
2025,3,8,FMKA,5A,R413,ARD
2025,3,9,CSCA,5A,R413,CPA
2025,3,9,FMKA,5A,R413,CPA
2025,4,1,FMKA,5A,PHY,PHY
2025,4,1,LHCA,5A,BIO,BIO
2025,4,2,FMKA,5A,PHY,PHY
2025,4,2,LHCA,5A,BIO,BIO
2025,4,3,CSK,5A,R413,MACO
2025,4,3,CSKA,5A,R422,MACO
2025,4,3,MHN,5A,R414,MACO
2025,4,4,CSK,5A,R413,MACO
2025,4,4,CSKA,5A,R422,MACO
2025,4,4,MHN,5A,R414,MACO
2025,4,5,CSW,5A,R413,CHIN
2025,4,5,NKK,5A,R414,CHIN
2025,4,5,PKK,5A,R422,CHIN
2025,4,6,CSW,5A,R413,CHIN
2025,4,6,NKK,5A,R414,CHIN
2025,4,6,PKK,5A,R422,CHIN
2025,4,7,CMTA,5A,R422,ENG
2025,4,7,CSCA,5A,R413,ENG
2025,4,7,FCQA,5A,R414,ENG
2025,4,7,LCM,5A,ERC,ENG
2025,4,7,TSM,5A,R412,ENG
2025,4,8,CMTA,5A,R422,ENG
2025,4,8,CSCA,5A,R413,ENG
2025,4,8,FCQA,5A,R414,ENG
2025,4,8,TSM,5A,R412,ENG
2025,4,9,CMTA,5A,R422,ENG
2025,4,9,CSCA,5A,R413,ENG
2025,4,9,FCQA,5A,R414,ENG
2025,4,9,TSM,5A,R412,ENG
2025,4,10,CSCA,5A,R413,Read
2025,5,1,CMTA,5A,R422,ENG
2025,5,1,CSCA,5A,R413,ENG
2025,5,1,FCQA,5A,R414,ENG
2025,5,1,TSM,5A,R412,ENG
2025,5,2,CMTA,5A,R422,ENG
2025,5,2,CSCA,5A,R413,ENG
2025,5,2,FCQA,5A,R414,ENG
2025,5,2,TSM,5A,R412,ENG
2025,5,3,CCH,5A,CHEM,CHEM
2025,5,3,CPK,5A,R414,ECON
2025,5,3,CSYA,5A,AD,VAD
2025,5,3,CWL,5A,R412,CHIS
2025,5,3,TKSA,5A,R413,HMSC
2025,5,4,CCH,5A,CHEM,CHEM
2025,5,4,CPK,5A,R414,ECON
2025,5,4,CSYA,5A,AD,VAD
2025,5,4,CWL,5A,R412,CHIS
2025,5,4,TKSA,5A,R413,HMSC
2025,5,5,HXYA,5A,R413,IAE
2025,5,5,LYMA,5A,R413,IAE
2025,5,5,NMY,5A,R413,BMVE
2025,5,6,HXYA,5A,R413,IAE
2025,5,6,LYMA,5A,R413,IAE
2025,5,6,NMY,5A,R413,BMVE
2025,5,7,CSK,5A,R413,MACO
2025,5,7,CSKA,5A,R422,MACO
2025,5,7,MHN,5A,R414,MACO
2025,5,8,CSW,5A,R413,CHIN
2025,5,8,NKK,5A,R414,CHIN
2025,5,8,PKK,5A,R422,CHIN
2025,5,9,CSK,5A,R413,MAM2
2025,5,9,KYM,5A,CR1,ICT
2025,5,9,LML,5A,R412,ERS3
2025,5,9,LYK,5A,AD,VAD3
2025,5,9,NKWA,5A,BIO,BIO3
2025,5,9,SSTA,5A,R414,THS3
2025,5,10,CSK,5A,R413,MAM2
2025,5,10,KYM,5A,CR1,ICT
2025,5,10,LML,5A,R412,ERS3
2025,5,10,LYK,5A,AD,VAD3
2025,5,10,NKWA,5A,BIO,BIO3
2025,5,10,SSTA,5A,R414,THS3
2025,1,1,LTYA,5B,R414,CS
2025,1,2,LTYA,5B,R414,CS
2025,1,3,KLF,5B,R414,Acc
2025,1,3,TMHA,5B,R413,BM
2025,1,4,KLF,5B,R414,Acc
2025,1,4,TMHA,5B,R413,BM
2025,1,5,CCH,5B,CHEM,CHEM
2025,1,5,CPK,5B,R414,ECON
2025,1,5,CSYA,5B,AD,VAD
2025,1,5,CWL,5B,R412,CHIS
2025,1,5,TKSA,5B,R413,HMSC
2025,1,6,CCH,5B,CHEM,CHEM
2025,1,6,CPK,5B,R414,ECON
2025,1,6,CSYA,5B,AD,VAD
2025,1,6,CWL,5B,R412,CHIS
2025,1,6,TKSA,5B,R413,HMSC
2025,1,7,CMTA,5B,R422,ENG
2025,1,7,CSCA,5B,R413,ENG
2025,1,7,FCQA,5B,R414,ENG
2025,1,7,LCM,5B,ERC,ENG
2025,1,7,TSM,5B,R412,ENG
2025,1,8,CSK,5B,R413,MACO
2025,1,8,CSKA,5B,R422,MACO
2025,1,8,MHN,5B,R414,MACO
2025,1,9,CSK,5B,R413,MAM2
2025,1,9,KYM,5B,CR1,ICT
2025,1,9,LML,5B,R412,ERS3
2025,1,9,LYK,5B,AD,VAD3
2025,1,9,NKWA,5B,BIO,BIO3
2025,1,9,SSTA,5B,R414,THS3
2025,1,10,CSK,5B,R413,MAM2
2025,1,10,KYM,5B,CR1,ICT
2025,1,10,LML,5B,R412,ERS3
2025,1,10,LYK,5B,AD,VAD3
2025,1,10,NKWA,5B,BIO,BIO3
2025,1,10,SSTA,5B,R414,THS3
2025,2,1,CSK,5B,R413,MAM2
2025,2,1,KYM,5B,CR1,ICT
2025,2,1,LML,5B,R412,ERS3
2025,2,1,LYK,5B,AD,VAD3
2025,2,1,NKWA,5B,R402,BIO3
2025,2,1,SSTA,5B,R414,THS3
2025,2,2,CSK,5B,R413,MAM2
2025,2,2,KYM,5B,CR1,ICT
2025,2,2,LML,5B,R412,ERS3
2025,2,2,LYK,5B,AD,VAD3
2025,2,2,NKWA,5B,R402,BIO3
2025,2,2,SSTA,5B,R414,THS3
2025,2,3,CMTA,5B,R422,ENG
2025,2,3,CSCA,5B,R413,ENG
2025,2,3,FCQA,5B,R414,ENG
2025,2,3,LCM,5B,ERC,ENG
2025,2,3,TSM,5B,R412,ENG
2025,2,4,CMTA,5B,R422,ENG
2025,2,4,CSCA,5B,R413,ENG
2025,2,4,FCQA,5B,R414,ENG
2025,2,4,LCM,5B,ERC,ENG
2025,2,4,TSM,5B,R412,ENG
2025,2,5,CSK,5B,R413,MACO
2025,2,5,CSKA,5B,R422,MACO
2025,2,5,MHN,5B,R414,MACO
2025,2,6,CSK,5B,R413,MACO
2025,2,6,CSKA,5B,R422,MACO
2025,2,6,MHN,5B,R414,MACO
2025,2,7,CSW,5B,R413,CHIN
2025,2,7,NKK,5B,R414,CHIN
2025,2,7,PKK,5B,R422,CHIN
2025,2,8,CCH,5B,CHEM,CHEM
2025,2,8,CPK,5B,R414,ECON
2025,2,8,CSYA,5B,AD,VAD
2025,2,8,CWL,5B,R412,CHIS
2025,2,8,TKSA,5B,R413,HMSC
2025,2,9,CCH,5B,CHEM,CHEM
2025,2,9,CPK,5B,R414,ECON
2025,2,9,CSYA,5B,AD,VAD
2025,2,9,CWL,5B,R412,CHIS
2025,2,9,TKSA,5B,R413,HMSC
2025,2,10,KLF,5B,R414,Read
2025,3,1,CSW,5B,R413,CHIN
2025,3,1,NKK,5B,R414,CHIN
2025,3,1,PKK,5B,R422,CHIN
2025,3,2,CSW,5B,R413,CHIN
2025,3,2,NKK,5B,R414,CHIN
2025,3,2,PKK,5B,R422,CHIN
2025,3,3,KLF,5B,R414,Acc
2025,3,3,TMHA,5B,R413,BM
2025,3,4,KLF,5B,R414,Acc
2025,3,4,TMHA,5B,R413,BM
2025,3,5,CSYA,5B,R414,IAE
2025,3,5,HCHA,5B,R414,IAE
2025,3,5,NMY,5B,R414,BMVE
2025,3,6,CSYA,5B,R414,IAE
2025,3,6,HCHA,5B,R414,IAE
2025,3,6,NMY,5B,R414,BMVE
2025,3,7,LTYA,5B,R414,CS
2025,3,8,KLF,5B,R414,ARD
2025,3,9,KLF,5B,R414,CPA
2025,3,9,NKK,5B,R414,CPA
2025,4,1,KLF,5B,R414,Acc
2025,4,1,TMHA,5B,R413,BM
2025,4,2,KLF,5B,R414,Acc
2025,4,2,TMHA,5B,R413,BM
2025,4,3,CSK,5B,R413,MACO
2025,4,3,CSKA,5B,R422,MACO
2025,4,3,MHN,5B,R414,MACO
2025,4,4,CSK,5B,R413,MACO
2025,4,4,CSKA,5B,R422,MACO
2025,4,4,MHN,5B,R414,MACO
2025,4,5,CSW,5B,R413,CHIN
2025,4,5,NKK,5B,R414,CHIN
2025,4,5,PKK,5B,R422,CHIN
2025,4,6,CSW,5B,R413,CHIN
2025,4,6,NKK,5B,R414,CHIN
2025,4,6,PKK,5B,R422,CHIN
2025,4,7,CMTA,5B,R422,ENG
2025,4,7,CSCA,5B,R413,ENG
2025,4,7,FCQA,5B,R414,ENG
2025,4,7,LCM,5B,ERC,ENG
2025,4,7,TSM,5B,R412,ENG
2025,4,8,CMTA,5B,R422,ENG
2025,4,8,CSCA,5B,R413,ENG
2025,4,8,FCQA,5B,R414,ENG
2025,4,8,TSM,5B,R412,ENG
2025,4,9,CMTA,5B,R422,ENG
2025,4,9,CSCA,5B,R413,ENG
2025,4,9,FCQA,5B,R414,ENG
2025,4,9,TSM,5B,R412,ENG
2025,4,10,FCQA,5B,R414,Read
2025,5,1,CMTA,5B,R422,ENG
2025,5,1,CSCA,5B,R413,ENG
2025,5,1,FCQA,5B,R414,ENG
2025,5,1,TSM,5B,R412,ENG
2025,5,2,CMTA,5B,R422,ENG
2025,5,2,CSCA,5B,R413,ENG
2025,5,2,FCQA,5B,R414,ENG
2025,5,2,TSM,5B,R412,ENG
2025,5,3,CCH,5B,CHEM,CHEM
2025,5,3,CPK,5B,R414,ECON
2025,5,3,CSYA,5B,AD,VAD
2025,5,3,CWL,5B,R412,CHIS
2025,5,3,TKSA,5B,R413,HMSC
2025,5,4,CCH,5B,CHEM,CHEM
2025,5,4,CPK,5B,R414,ECON
2025,5,4,CSYA,5B,AD,VAD
2025,5,4,CWL,5B,R412,CHIS
2025,5,4,TKSA,5B,R413,HMSC
2025,5,5,TIS,5B,PG1,PE
2025,5,6,TIS,5B,PG1,PE
2025,5,7,CSK,5B,R413,MACO
2025,5,7,CSKA,5B,R422,MACO
2025,5,7,MHN,5B,R414,MACO
2025,5,8,CSW,5B,R413,CHIN
2025,5,8,NKK,5B,R414,CHIN
2025,5,8,PKK,5B,R422,CHIN
2025,5,9,CSK,5B,R413,MAM2
2025,5,9,KYM,5B,CR1,ICT
2025,5,9,LML,5B,R412,ERS3
2025,5,9,LYK,5B,AD,VAD3
2025,5,9,NKWA,5B,BIO,BIO3
2025,5,9,SSTA,5B,R414,THS3
2025,5,10,CSK,5B,R413,MAM2
2025,5,10,KYM,5B,CR1,ICT
2025,5,10,LML,5B,R412,ERS3
2025,5,10,LYK,5B,AD,VAD3
2025,5,10,NKWA,5B,BIO,BIO3
2025,5,10,SSTA,5B,R414,THS3
2025,1,1,FSC,5C,R412,CS
2025,1,2,FSC,5C,R412,CS
2025,1,3,LML,5C,R412,ERS
2025,1,4,LML,5C,R412,ERS
2025,1,5,CCH,5C,CHEM,CHEM
2025,1,5,CPK,5C,R414,ECON
2025,1,5,CSYA,5C,AD,VAD
2025,1,5,CWL,5C,R412,CHIS
2025,1,5,TKSA,5C,R413,HMSC
2025,1,6,CCH,5C,CHEM,CHEM
2025,1,6,CPK,5C,R414,ECON
2025,1,6,CSYA,5C,AD,VAD
2025,1,6,CWL,5C,R412,CHIS
2025,1,6,TKSA,5C,R413,HMSC
2025,1,7,CMTA,5C,R422,ENG
2025,1,7,CSCA,5C,R413,ENG
2025,1,7,FCQA,5C,R414,ENG
2025,1,7,LCM,5C,ERC,ENG
2025,1,7,TSM,5C,R412,ENG
2025,1,8,LTW,5C,R412,CHIN
2025,1,9,CSK,5C,R413,MAM2
2025,1,9,KYM,5C,CR1,ICT
2025,1,9,LML,5C,R412,ERS3
2025,1,9,LYK,5C,AD,VAD3
2025,1,9,NKWA,5C,BIO,BIO3
2025,1,9,SSTA,5C,R414,THS3
2025,1,10,CSK,5C,R413,MAM2
2025,1,10,KYM,5C,CR1,ICT
2025,1,10,LML,5C,R412,ERS3
2025,1,10,LYK,5C,AD,VAD3
2025,1,10,NKWA,5C,BIO,BIO3
2025,1,10,SSTA,5C,R414,THS3
2025,2,1,CSK,5C,R413,MAM2
2025,2,1,KYM,5C,CR1,ICT
2025,2,1,LML,5C,R412,ERS3
2025,2,1,LYK,5C,AD,VAD3
2025,2,1,NKWA,5C,R402,BIO3
2025,2,1,SSTA,5C,R414,THS3
2025,2,2,CSK,5C,R413,MAM2
2025,2,2,KYM,5C,CR1,ICT
2025,2,2,LML,5C,R412,ERS3
2025,2,2,LYK,5C,AD,VAD3
2025,2,2,NKWA,5C,R402,BIO3
2025,2,2,SSTA,5C,R414,THS3
2025,2,3,CMTA,5C,R422,ENG
2025,2,3,CSCA,5C,R413,ENG
2025,2,3,FCQA,5C,R414,ENG
2025,2,3,LCM,5C,ERC,ENG
2025,2,3,TSM,5C,R412,ENG
2025,2,4,CMTA,5C,R422,ENG
2025,2,4,CSCA,5C,R413,ENG
2025,2,4,FCQA,5C,R414,ENG
2025,2,4,LCM,5C,ERC,ENG
2025,2,4,TSM,5C,R412,ENG
2025,2,5,LTW,5C,R412,CHIN
2025,2,6,LTW,5C,R412,CHIN
2025,2,7,YBK,5C,R412,MACO
2025,2,8,CCH,5C,CHEM,CHEM
2025,2,8,CPK,5C,R414,ECON
2025,2,8,CSYA,5C,AD,VAD
2025,2,8,CWL,5C,R412,CHIS
2025,2,8,TKSA,5C,R413,HMSC
2025,2,9,CCH,5C,CHEM,CHEM
2025,2,9,CPK,5C,R414,ECON
2025,2,9,CSYA,5C,AD,VAD
2025,2,9,CWL,5C,R412,CHIS
2025,2,9,TKSA,5C,R413,HMSC
2025,2,10,LTW,5C,R412,Read
2025,3,1,YBK,5C,R412,MACO
2025,3,2,YBK,5C,R412,MACO
2025,3,3,LML,5C,R412,ERS
2025,3,4,LML,5C,R412,ERS
2025,3,5,TIS,5C,PG2,PE
2025,3,6,TIS,5C,PG2,PE
2025,3,7,LTW,5C,R412,CHIN
2025,3,8,LML,5C,R412,ARD
2025,3,9,LML,5C,R412,CPA
2025,3,9,LTW,5C,R412,CPA
2025,4,1,LML,5C,R412,ERS
2025,4,2,LML,5C,R412,ERS
2025,4,3,HXYA,5C,R412,IAE
2025,4,3,LYMA,5C,R412,IAE
2025,4,3,NMY,5C,R412,BMVE
2025,4,4,HXYA,5C,R412,IAE
2025,4,4,LYMA,5C,R412,IAE
2025,4,4,NMY,5C,R412,BMVE
2025,4,5,YBK,5C,R412,MACO
2025,4,6,YBK,5C,R412,MACO
2025,4,7,CMTA,5C,R422,ENG
2025,4,7,CSCA,5C,R413,ENG
2025,4,7,FCQA,5C,R414,ENG
2025,4,7,LCM,5C,ERC,ENG
2025,4,7,TSM,5C,R412,ENG
2025,4,8,CMTA,5C,R422,ENG
2025,4,8,CSCA,5C,R413,ENG
2025,4,8,FCQA,5C,R414,ENG
2025,4,8,TSM,5C,R412,ENG
2025,4,9,CMTA,5C,R422,ENG
2025,4,9,CSCA,5C,R413,ENG
2025,4,9,FCQA,5C,R414,ENG
2025,4,9,TSM,5C,R412,ENG
2025,4,10,TSM,5C,R412,Read
2025,5,1,CMTA,5C,R422,ENG
2025,5,1,CSCA,5C,R413,ENG
2025,5,1,FCQA,5C,R414,ENG
2025,5,1,TSM,5C,R412,ENG
2025,5,2,CMTA,5C,R422,ENG
2025,5,2,CSCA,5C,R413,ENG
2025,5,2,FCQA,5C,R414,ENG
2025,5,2,TSM,5C,R412,ENG
2025,5,3,CCH,5C,CHEM,CHEM
2025,5,3,CPK,5C,R414,ECON
2025,5,3,CSYA,5C,AD,VAD
2025,5,3,CWL,5C,R412,CHIS
2025,5,3,TKSA,5C,R413,HMSC
2025,5,4,CCH,5C,CHEM,CHEM
2025,5,4,CPK,5C,R414,ECON
2025,5,4,CSYA,5C,AD,VAD
2025,5,4,CWL,5C,R412,CHIS
2025,5,4,TKSA,5C,R413,HMSC
2025,5,5,YBK,5C,R412,MACO
2025,5,6,LTW,5C,R412,CHIN
2025,5,7,LTW,5C,R412,CHIN
2025,5,8,FSC,5C,R412,CS
2025,5,9,CSK,5C,R413,MAM2
2025,5,9,KYM,5C,CR1,ICT
2025,5,9,LML,5C,R412,ERS3
2025,5,9,LYK,5C,AD,VAD3
2025,5,9,NKWA,5C,BIO,BIO3
2025,5,9,SSTA,5C,R414,THS3
2025,5,10,CSK,5C,R413,MAM2
2025,5,10,KYM,5C,CR1,ICT
2025,5,10,LML,5C,R412,ERS3
2025,5,10,LYK,5C,AD,VAD3
2025,5,10,NKWA,5C,BIO,BIO3
2025,5,10,SSTA,5C,R414,THS3
2025,1,1,LWY,5D,R402,CHIN
2025,1,2,LWY,5D,R402,CHIN
2025,1,3,CSYA,5D,R402,IAE
2025,1,3,HCHA,5D,R402,IAE
2025,1,3,NMY,5D,R402,BMVE
2025,1,4,CSYA,5D,R402,IAE
2025,1,4,HCHA,5D,R402,IAE
2025,1,4,NMY,5D,R402,BMVE
2025,1,5,LPHA,5D,R402,MACO
2025,1,6,LCF,5D,R402,ENG
2025,1,7,LCF,5D,R402,ENG
2025,1,8,LCF,5D,R402,ENG
2025,1,9,CSK,5D,R413,MAM2
2025,1,9,KYM,5D,CR1,ICT
2025,1,9,LML,5D,R412,ERS3
2025,1,9,LYK,5D,AD,VAD3
2025,1,9,NKWA,5D,BIO,BIO3
2025,1,9,SSTA,5D,R414,THS3
2025,1,10,CSK,5D,R413,MAM2
2025,1,10,KYM,5D,CR1,ICT
2025,1,10,LML,5D,R412,ERS3
2025,1,10,LYK,5D,AD,VAD3
2025,1,10,NKWA,5D,BIO,BIO3
2025,1,10,SSTA,5D,R414,THS3
2025,2,1,CSK,5D,R413,MAM2
2025,2,1,KYM,5D,CR1,ICT
2025,2,1,LML,5D,R412,ERS3
2025,2,1,LYK,5D,AD,VAD3
2025,2,1,NKWA,5D,R402,BIO3
2025,2,1,SSTA,5D,R414,THS3
2025,2,2,CSK,5D,R413,MAM2
2025,2,2,KYM,5D,CR1,ICT
2025,2,2,LML,5D,R412,ERS3
2025,2,2,LYK,5D,AD,VAD3
2025,2,2,NKWA,5D,R402,BIO3
2025,2,2,SSTA,5D,R414,THS3
2025,2,3,LWY,5D,R402,CHIN
2025,2,4,LWY,5D,R402,CHIN
2025,2,5,LPHA,5D,R402,MACO
2025,2,6,LYF,5D,R402,WCU
2025,2,7,LYF,5D,R402,WCU
2025,2,8,LYF,5D,R402,APL
2025,2,9,LYF,5D,R402,APL
2025,2,10,LYF,5D,R402,APL
2025,3,1,LYF,5D,R402,CS
2025,3,2,LYF,5D,R402,CS
2025,3,3,LCF,5D,R402,ENG
2025,3,4,LCF,5D,R402,ENG
2025,3,5,LPHA,5D,R402,MACO
2025,3,6,LPHA,5D,R402,MACO
2025,3,7,LWY,5D,R402,CHIN
2025,3,8,LYK,5D,R402,ARD
2025,3,9,LPHA,5D,R402,CPA
2025,3,9,LYK,5D,R402,CPA
2025,4,1,LTYA,5D,R402,HO
2025,4,2,LTYA,5D,R402,HO
2025,4,3,LTYA,5D,R402,HO
2025,4,4,LTYA,5D,R402,HO
2025,4,5,LTYA,5D,R402,APL
2025,4,6,LTYA,5D,R402,APL
2025,4,7,LTYA,5D,R402,APL
2025,4,8,LTYA,5D,R402,Read
2025,4,9,LCF,5D,R402,ENG
2025,4,10,LCF,5D,R402,ENG
2025,5,1,LCF,5D,R402,ENG
2025,5,2,LYF,5D,R402,CS
2025,5,3,LPHA,5D,R402,MACO
2025,5,4,LPHA,5D,R402,MACO
2025,5,5,LKYA,5D,PG2,PE
2025,5,6,LKYA,5D,PG2,PE
2025,5,7,LYK,5D,R402,Read
2025,5,8,LWY,5D,R402,CHIN
2025,5,9,CSK,5D,R413,MAM2
2025,5,9,KYM,5D,CR1,ICT
2025,5,9,LML,5D,R412,ERS3
2025,5,9,LYK,5D,AD,VAD3
2025,5,9,NKWA,5D,BIO,BIO3
2025,5,9,SSTA,5D,R414,THS3
2025,5,10,CSK,5D,R413,MAM2
2025,5,10,KYM,5D,CR1,ICT
2025,5,10,LML,5D,R412,ERS3
2025,5,10,LYK,5D,AD,VAD3
2025,5,10,NKWA,5D,BIO,BIO3
2025,5,10,SSTA,5D,R414,THS3
2025,1,1,CSK,6A,R403,MAM2
2025,1,1,KKH,6A,BIO,BIO3
2025,1,1,LML,6A,R411,ERS3
2025,1,1,LWKA,6A,CR3,ICT
2025,1,1,NSK,6A,DF,VAD3
2025,1,1,TLW,6A,R404,THS3
2025,1,2,CSK,6A,R403,MAM2
2025,1,2,KKH,6A,BIO,BIO3
2025,1,2,LML,6A,R411,ERS3
2025,1,2,LWKA,6A,CR3,ICT
2025,1,2,NSK,6A,DF,VAD3
2025,1,2,TLW,6A,R404,THS3
2025,1,3,CSKA,6A,R403,MACO
2025,1,3,LPHA,6A,R404,MACO
2025,1,3,YBK,6A,R421,MACO
2025,1,4,CSKA,6A,R403,MACO
2025,1,4,LPHA,6A,R404,MACO
2025,1,4,YBK,6A,R421,MACO
2025,1,5,CSCA,6A,R421,ENG
2025,1,5,TSM,6A,R404,ENG
2025,1,5,WKY,6A,R403,ENG
2025,1,6,CSCA,6A,R421,ENG
2025,1,6,TSM,6A,R404,ENG
2025,1,6,WKY,6A,R403,ENG
2025,1,7,LHYB,6A,R403,CS
2025,1,8,CHM,6A,R421,CHIN
2025,1,8,CSW,6A,R403,CHIN
2025,1,8,PCS,6A,R404,CHIN
2025,1,9,CHM,6A,R421,CHIN
2025,1,9,CSW,6A,R403,CHIN
2025,1,9,PCS,6A,R404,CHIN
2025,2,1,LKYA,6A,PG1,PE
2025,2,2,LKYA,6A,PG1,PE
2025,2,3,CSK,6A,R403,MAM2
2025,2,3,KKH,6A,BIO,BIO3
2025,2,3,LML,6A,R411,ERS3
2025,2,3,LWKA,6A,CR3,ICT
2025,2,3,NSK,6A,DF,VAD3
2025,2,3,TLW,6A,R404,THS3
2025,2,4,CSK,6A,R403,MAM2
2025,2,4,KKH,6A,BIO,BIO3
2025,2,4,LML,6A,R411,ERS3
2025,2,4,LWKA,6A,CR3,ICT
2025,2,4,NSK,6A,DF,VAD3
2025,2,4,TLW,6A,R404,THS3
2025,2,5,FMKA,6A,PHY,PHY
2025,2,5,KKH,6A,BIO,BIO
2025,2,6,FMKA,6A,PHY,PHY
2025,2,6,KKH,6A,BIO,BIO
2025,2,7,CSCA,6A,R421,ENG
2025,2,7,LCM,6A,ERC,ENG
2025,2,7,TSM,6A,R404,ENG
2025,2,7,WKY,6A,R403,ENG
2025,2,8,CSKA,6A,R403,MACO
2025,2,8,LPHA,6A,R404,MACO
2025,2,8,YBK,6A,R421,MACO
2025,2,9,CSKA,6A,R403,MACO
2025,2,9,LPHA,6A,R404,MACO
2025,2,9,YBK,6A,R421,MACO
2025,3,1,FMKA,6A,PHY,PHY
2025,3,1,KKH,6A,BIO,BIO
2025,3,2,FMKA,6A,PHY,PHY
2025,3,2,KKH,6A,BIO,BIO
2025,3,3,CSCA,6A,R421,ENG
2025,3,3,TSM,6A,R404,ENG
2025,3,3,WKY,6A,R403,ENG
2025,3,4,CSCA,6A,R421,ENG
2025,3,4,TSM,6A,R404,ENG
2025,3,4,WKY,6A,R403,ENG
2025,3,5,CCH,6A,CHEM,CHEM
2025,3,5,CHLA,6A,R403,CHIS
2025,3,5,LYK,6A,AD,VAD
2025,3,5,TKSA,6A,R411,HMSC
2025,3,5,TMHA,6A,R404,ECON
2025,3,6,CCH,6A,CHEM,CHEM
2025,3,6,CHLA,6A,R403,CHIS
2025,3,6,LYK,6A,AD,VAD
2025,3,6,TKSA,6A,R411,HMSC
2025,3,6,TMHA,6A,R404,ECON
2025,3,7,CHM,6A,R421,CHIN
2025,3,7,CSW,6A,R403,CHIN
2025,3,7,PCS,6A,R404,CHIN
2025,3,8,CSKA,6A,R403,ARD
2025,3,9,CHM,6A,R403,CPA
2025,3,9,CSKA,6A,R403,CPA
2025,4,1,CSCA,6A,R421,ENG
2025,4,1,TSM,6A,R404,ENG
2025,4,1,WKY,6A,R403,ENG
2025,4,2,CSCA,6A,R421,ENG
2025,4,2,TSM,6A,R404,ENG
2025,4,2,WKY,6A,R403,ENG
2025,4,3,CCH,6A,CHEM,CHEM
2025,4,3,CHLA,6A,R403,CHIS
2025,4,3,LYK,6A,AD,VAD
2025,4,3,TKSA,6A,R411,HMSC
2025,4,3,TMHA,6A,R404,ECON
2025,4,4,CCH,6A,CHEM,CHEM
2025,4,4,CHLA,6A,R403,CHIS
2025,4,4,LYK,6A,AD,VAD
2025,4,4,TKSA,6A,R411,HMSC
2025,4,4,TMHA,6A,R404,ECON
2025,4,5,FMKA,6A,PHY,PHY
2025,4,5,KKH,6A,BIO,BIO
2025,4,6,FMKA,6A,PHY,PHY
2025,4,6,KKH,6A,BIO,BIO
2025,4,7,CHM,6A,R421,CHIN
2025,4,7,CSW,6A,R403,CHIN
2025,4,7,PCS,6A,R404,CHIN
2025,4,8,CSK,6A,R403,MAM2
2025,4,8,KKH,6A,R421,BIO3
2025,4,8,LML,6A,R411,ERS3
2025,4,8,LWKA,6A,CR3,ICT
2025,4,8,NSK,6A,DF,VAD3
2025,4,8,TLW,6A,R404,THS3
2025,4,9,CSK,6A,R403,MAM2
2025,4,9,KKH,6A,R421,BIO3
2025,4,9,LML,6A,R411,ERS3
2025,4,9,LWKA,6A,CR3,ICT
2025,4,9,NSK,6A,DF,VAD3
2025,4,9,TLW,6A,R404,THS3
2025,5,1,CCH,6A,CHEM,CHEM
2025,5,1,CHLA,6A,R403,CHIS
2025,5,1,LYK,6A,AD,VAD
2025,5,1,TKSA,6A,R411,HMSC
2025,5,1,TMHA,6A,R404,ECON
2025,5,2,CCH,6A,CHEM,CHEM
2025,5,2,CHLA,6A,R403,CHIS
2025,5,2,LYK,6A,AD,VAD
2025,5,2,TKSA,6A,R411,HMSC
2025,5,2,TMHA,6A,R404,ECON
2025,5,3,LHYB,6A,R403,CS
2025,5,4,LHYB,6A,R403,CS
2025,5,5,CHM,6A,R421,CHIN
2025,5,5,CSW,6A,R403,CHIN
2025,5,5,PCS,6A,R404,CHIN
2025,5,6,CHM,6A,R421,CHIN
2025,5,6,CSW,6A,R403,CHIN
2025,5,6,PCS,6A,R404,CHIN
2025,5,7,CSCA,6A,R421,ENG
2025,5,7,LCM,6A,ERC,ENG
2025,5,7,TSM,6A,R404,ENG
2025,5,7,WKY,6A,R403,ENG
2025,5,8,CSKA,6A,R403,MACO
2025,5,8,LPHA,6A,R404,MACO
2025,5,8,YBK,6A,R421,MACO
2025,5,9,CSKA,6A,R403,MACO
2025,5,9,LPHA,6A,R404,MACO
2025,5,9,YBK,6A,R421,MACO
2025,1,1,CSK,6B,R403,MAM2
2025,1,1,KKH,6B,BIO,BIO3
2025,1,1,LML,6B,R411,ERS3
2025,1,1,LWKA,6B,CR3,ICT
2025,1,1,NSK,6B,DF,VAD3
2025,1,1,TLW,6B,R404,THS3
2025,1,2,CSK,6B,R403,MAM2
2025,1,2,KKH,6B,BIO,BIO3
2025,1,2,LML,6B,R411,ERS3
2025,1,2,LWKA,6B,CR3,ICT
2025,1,2,NSK,6B,DF,VAD3
2025,1,2,TLW,6B,R404,THS3
2025,1,3,CSKA,6B,R403,MACO
2025,1,3,LPHA,6B,R404,MACO
2025,1,3,YBK,6B,R421,MACO
2025,1,4,CSKA,6B,R403,MACO
2025,1,4,LPHA,6B,R404,MACO
2025,1,4,YBK,6B,R421,MACO
2025,1,5,CSCA,6B,R421,ENG
2025,1,5,TSM,6B,R404,ENG
2025,1,5,WKY,6B,R403,ENG
2025,1,6,CSCA,6B,R421,ENG
2025,1,6,TSM,6B,R404,ENG
2025,1,6,WKY,6B,R403,ENG
2025,1,7,FSC,6B,R404,CS
2025,1,8,CHM,6B,R421,CHIN
2025,1,8,CSW,6B,R403,CHIN
2025,1,8,PCS,6B,R404,CHIN
2025,1,9,CHM,6B,R421,CHIN
2025,1,9,CSW,6B,R403,CHIN
2025,1,9,PCS,6B,R404,CHIN
2025,2,1,FSC,6B,R404,CS
2025,2,2,FSC,6B,R404,CS
2025,2,3,CSK,6B,R403,MAM2
2025,2,3,KKH,6B,BIO,BIO3
2025,2,3,LML,6B,R411,ERS3
2025,2,3,LWKA,6B,CR3,ICT
2025,2,3,NSK,6B,DF,VAD3
2025,2,3,TLW,6B,R404,THS3
2025,2,4,CSK,6B,R403,MAM2
2025,2,4,KKH,6B,BIO,BIO3
2025,2,4,LML,6B,R411,ERS3
2025,2,4,LWKA,6B,CR3,ICT
2025,2,4,NSK,6B,DF,VAD3
2025,2,4,TLW,6B,R404,THS3
2025,2,5,CPK,6B,R403,BM
2025,2,5,KLF,6B,R404,Acc
2025,2,6,CPK,6B,R403,BM
2025,2,6,KLF,6B,R404,Acc
2025,2,7,CSCA,6B,R421,ENG
2025,2,7,LCM,6B,ERC,ENG
2025,2,7,TSM,6B,R404,ENG
2025,2,7,WKY,6B,R403,ENG
2025,2,8,CSKA,6B,R403,MACO
2025,2,8,LPHA,6B,R404,MACO
2025,2,8,YBK,6B,R421,MACO
2025,2,9,CSKA,6B,R403,MACO
2025,2,9,LPHA,6B,R404,MACO
2025,2,9,YBK,6B,R421,MACO
2025,3,1,CPK,6B,R403,BM
2025,3,1,KLF,6B,R404,Acc
2025,3,2,CPK,6B,R403,BM
2025,3,2,KLF,6B,R404,Acc
2025,3,3,CSCA,6B,R421,ENG
2025,3,3,TSM,6B,R404,ENG
2025,3,3,WKY,6B,R403,ENG
2025,3,4,CSCA,6B,R421,ENG
2025,3,4,TSM,6B,R404,ENG
2025,3,4,WKY,6B,R403,ENG
2025,3,5,CCH,6B,CHEM,CHEM
2025,3,5,CHLA,6B,R403,CHIS
2025,3,5,LYK,6B,AD,VAD
2025,3,5,TKSA,6B,R411,HMSC
2025,3,5,TMHA,6B,R404,ECON
2025,3,6,CCH,6B,CHEM,CHEM
2025,3,6,CHLA,6B,R403,CHIS
2025,3,6,LYK,6B,AD,VAD
2025,3,6,TKSA,6B,R411,HMSC
2025,3,6,TMHA,6B,R404,ECON
2025,3,7,CHM,6B,R421,CHIN
2025,3,7,CSW,6B,R403,CHIN
2025,3,7,PCS,6B,R404,CHIN
2025,3,8,CPK,6B,R404,ARD
2025,3,9,CPK,6B,R404,CPA
2025,3,9,NSK,6B,R404,CPA
2025,4,1,CSCA,6B,R421,ENG
2025,4,1,TSM,6B,R404,ENG
2025,4,1,WKY,6B,R403,ENG
2025,4,2,CSCA,6B,R421,ENG
2025,4,2,TSM,6B,R404,ENG
2025,4,2,WKY,6B,R403,ENG
2025,4,3,CCH,6B,CHEM,CHEM
2025,4,3,CHLA,6B,R403,CHIS
2025,4,3,LYK,6B,AD,VAD
2025,4,3,TKSA,6B,R411,HMSC
2025,4,3,TMHA,6B,R404,ECON
2025,4,4,CCH,6B,CHEM,CHEM
2025,4,4,CHLA,6B,R403,CHIS
2025,4,4,LYK,6B,AD,VAD
2025,4,4,TKSA,6B,R411,HMSC
2025,4,4,TMHA,6B,R404,ECON
2025,4,5,CPK,6B,R403,BM
2025,4,5,KLF,6B,R404,Acc
2025,4,6,CPK,6B,R403,BM
2025,4,6,KLF,6B,R404,Acc
2025,4,7,CHM,6B,R421,CHIN
2025,4,7,CSW,6B,R403,CHIN
2025,4,7,PCS,6B,R404,CHIN
2025,4,8,CSK,6B,R403,MAM2
2025,4,8,KKH,6B,R421,BIO3
2025,4,8,LML,6B,R411,ERS3
2025,4,8,LWKA,6B,CR3,ICT
2025,4,8,NSK,6B,DF,VAD3
2025,4,8,TLW,6B,R404,THS3
2025,4,9,CSK,6B,R403,MAM2
2025,4,9,KKH,6B,R421,BIO3
2025,4,9,LML,6B,R411,ERS3
2025,4,9,LWKA,6B,CR3,ICT
2025,4,9,NSK,6B,DF,VAD3
2025,4,9,TLW,6B,R404,THS3
2025,5,1,CCH,6B,CHEM,CHEM
2025,5,1,CHLA,6B,R403,CHIS
2025,5,1,LYK,6B,AD,VAD
2025,5,1,TKSA,6B,R411,HMSC
2025,5,1,TMHA,6B,R404,ECON
2025,5,2,CCH,6B,CHEM,CHEM
2025,5,2,CHLA,6B,R403,CHIS
2025,5,2,LYK,6B,AD,VAD
2025,5,2,TKSA,6B,R411,HMSC
2025,5,2,TMHA,6B,R404,ECON
2025,5,3,SSTA,6B,PG1,PE
2025,5,4,SSTA,6B,PG1,PE
2025,5,5,CHM,6B,R421,CHIN
2025,5,5,CSW,6B,R403,CHIN
2025,5,5,PCS,6B,R404,CHIN
2025,5,6,CHM,6B,R421,CHIN
2025,5,6,CSW,6B,R403,CHIN
2025,5,6,PCS,6B,R404,CHIN
2025,5,7,CSCA,6B,R421,ENG
2025,5,7,LCM,6B,ERC,ENG
2025,5,7,TSM,6B,R404,ENG
2025,5,7,WKY,6B,R403,ENG
2025,5,8,CSKA,6B,R403,MACO
2025,5,8,LPHA,6B,R404,MACO
2025,5,8,YBK,6B,R421,MACO
2025,5,9,CSKA,6B,R403,MACO
2025,5,9,LPHA,6B,R404,MACO
2025,5,9,YBK,6B,R421,MACO
2025,1,1,CSK,6C,R403,MAM2
2025,1,1,KKH,6C,BIO,BIO3
2025,1,1,LML,6C,R411,ERS3
2025,1,1,LWKA,6C,CR3,ICT
2025,1,1,NSK,6C,DF,VAD3
2025,1,1,TLW,6C,R404,THS3
2025,1,2,CSK,6C,R403,MAM2
2025,1,2,KKH,6C,BIO,BIO3
2025,1,2,LML,6C,R411,ERS3
2025,1,2,LWKA,6C,CR3,ICT
2025,1,2,NSK,6C,DF,VAD3
2025,1,2,TLW,6C,R404,THS3
2025,1,3,FSC,6C,R411,CS
2025,1,4,FSC,6C,R411,CS
2025,1,5,LCM,6C,R411,ENG
2025,1,5,TKYA,6C,R411,ENG
2025,1,6,MHN,6C,R411,MACO
2025,1,7,MHN,6C,R411,MACO
2025,1,8,MKYA,6C,R411,CHIN
2025,1,9,MKYA,6C,R411,CHIN
2025,2,1,MHN,6C,R411,MACO
2025,2,2,MHN,6C,R411,MACO
2025,2,3,CSK,6C,R403,MAM2
2025,2,3,KKH,6C,BIO,BIO3
2025,2,3,LML,6C,R411,ERS3
2025,2,3,LWKA,6C,CR3,ICT
2025,2,3,NSK,6C,DF,VAD3
2025,2,3,TLW,6C,R404,THS3
2025,2,4,CSK,6C,R403,MAM2
2025,2,4,KKH,6C,BIO,BIO3
2025,2,4,LML,6C,R411,ERS3
2025,2,4,LWKA,6C,CR3,ICT
2025,2,4,NSK,6C,DF,VAD3
2025,2,4,TLW,6C,R404,THS3
2025,2,5,LML,6C,R411,ERS
2025,2,6,LML,6C,R411,ERS
2025,2,7,MKYA,6C,R411,CHIN
2025,2,8,TKYA,6C,R411,ENG
2025,2,9,TKYA,6C,R411,ENG
2025,3,1,LML,6C,R411,ERS
2025,3,2,LML,6C,R411,ERS
2025,3,3,TKYA,6C,R411,ENG
2025,3,4,TKYA,6C,R411,ENG
2025,3,5,CCH,6C,CHEM,CHEM
2025,3,5,CHLA,6C,R403,CHIS
2025,3,5,LYK,6C,AD,VAD
2025,3,5,TKSA,6C,R411,HMSC
2025,3,5,TMHA,6C,R404,ECON
2025,3,6,CCH,6C,CHEM,CHEM
2025,3,6,CHLA,6C,R403,CHIS
2025,3,6,LYK,6C,AD,VAD
2025,3,6,TKSA,6C,R411,HMSC
2025,3,6,TMHA,6C,R404,ECON
2025,3,7,MKYA,6C,R411,CHIN
2025,3,8,FSC,6C,R411,ARD
2025,3,9,FSC,6C,R411,CPA
2025,3,9,MHN,6C,R411,CPA
2025,4,1,MHN,6C,R411,MACO
2025,4,2,MHN,6C,R411,MACO
2025,4,3,CCH,6C,CHEM,CHEM
2025,4,3,CHLA,6C,R403,CHIS
2025,4,3,LYK,6C,AD,VAD
2025,4,3,TKSA,6C,R411,HMSC
2025,4,3,TMHA,6C,R404,ECON
2025,4,4,CCH,6C,CHEM,CHEM
2025,4,4,CHLA,6C,R403,CHIS
2025,4,4,LYK,6C,AD,VAD
2025,4,4,TKSA,6C,R411,HMSC
2025,4,4,TMHA,6C,R404,ECON
2025,4,5,LML,6C,R411,ERS
2025,4,6,LML,6C,R411,ERS
2025,4,7,TKYA,6C,R411,ENG
2025,4,8,CSK,6C,R403,MAM2
2025,4,8,KKH,6C,R421,BIO3
2025,4,8,LML,6C,R411,ERS3
2025,4,8,LWKA,6C,CR3,ICT
2025,4,8,NSK,6C,DF,VAD3
2025,4,8,TLW,6C,R404,THS3
2025,4,9,CSK,6C,R403,MAM2
2025,4,9,KKH,6C,R421,BIO3
2025,4,9,LML,6C,R411,ERS3
2025,4,9,LWKA,6C,CR3,ICT
2025,4,9,NSK,6C,DF,VAD3
2025,4,9,TLW,6C,R404,THS3
2025,5,1,CCH,6C,CHEM,CHEM
2025,5,1,CHLA,6C,R403,CHIS
2025,5,1,LYK,6C,AD,VAD
2025,5,1,TKSA,6C,R411,HMSC
2025,5,1,TMHA,6C,R404,ECON
2025,5,2,CCH,6C,CHEM,CHEM
2025,5,2,CHLA,6C,R403,CHIS
2025,5,2,LYK,6C,AD,VAD
2025,5,2,TKSA,6C,R411,HMSC
2025,5,2,TMHA,6C,R404,ECON
2025,5,3,LKYA,6C,PG2,PE
2025,5,4,LKYA,6C,PG2,PE
2025,5,5,MKYA,6C,R411,CHIN
2025,5,6,MKYA,6C,R411,CHIN
2025,5,7,FSC,6C,R411,CS
2025,5,8,TKYA,6C,R411,ENG
2025,5,9,TKYA,6C,R411,ENG
2025,1,1,CSK,6D,R403,MAM2
2025,1,1,KKH,6D,BIO,BIO3
2025,1,1,LML,6D,R411,ERS3
2025,1,1,LWKA,6D,CR3,ICT
2025,1,1,NSK,6D,DF,VAD3
2025,1,1,TLW,6D,R404,THS3
2025,1,2,CSK,6D,R403,MAM2
2025,1,2,KKH,6D,BIO,BIO3
2025,1,2,LML,6D,R411,ERS3
2025,1,2,LWKA,6D,CR3,ICT
2025,1,2,NSK,6D,DF,VAD3
2025,1,2,TLW,6D,R404,THS3
2025,1,3,NHCA,6D,R101,DL
2025,1,4,NHCA,6D,R101,DL
2025,1,5,LCF,6D,R101,WCU
2025,1,6,NKK,6D,R101,CHIN
2025,1,7,NKK,6D,R101,CHIN
2025,1,8,LWK,6D,R101,ENG
2025,1,9,LWK,6D,R101,ENG
2025,2,1,TIS,6D,PG2,PE
2025,2,2,TIS,6D,PG2,PE
2025,2,3,CSK,6D,R403,MAM2
2025,2,3,KKH,6D,BIO,BIO3
2025,2,3,LML,6D,R411,ERS3
2025,2,3,LWKA,6D,CR3,ICT
2025,2,3,NSK,6D,DF,VAD3
2025,2,3,TLW,6D,R404,THS3
2025,2,4,CSK,6D,R403,MAM2
2025,2,4,KKH,6D,BIO,BIO3
2025,2,4,LML,6D,R411,ERS3
2025,2,4,LWKA,6D,CR3,ICT
2025,2,4,NSK,6D,DF,VAD3
2025,2,4,TLW,6D,R404,THS3
2025,2,5,LWK,6D,R101,ENG
2025,2,6,LWK,6D,R101,ENG
2025,2,7,LHYB,6D,R101,CS
2025,2,8,NKK,6D,R101,DL
2025,2,9,NKK,6D,R101,DL
2025,3,1,NHCA,6D,R101,MACO
2025,3,2,NHCA,6D,R101,MACO
2025,3,3,LWK,6D,R101,DL
2025,3,4,LWK,6D,R101,DL
2025,3,5,NKK,6D,R101,CHIN
2025,3,6,NKK,6D,R101,CHIN
2025,3,7,LWK,6D,R101,ENG
2025,3,8,LWK,6D,R101,ARD
2025,3,9,LCF,6D,R101,CPA
2025,3,9,LWK,6D,R101,CPA
2025,4,1,LHYB,6D,R101,CS
2025,4,2,LHYB,6D,R101,CS
2025,4,3,NHCA,6D,R101,MACO
2025,4,4,NHCA,6D,R101,MACO
2025,4,5,LWK,6D,R101,ENG
2025,4,6,LWK,6D,R101,ENG
2025,4,7,NKK,6D,R101,CHIN
2025,4,8,CSK,6D,R403,MAM2
2025,4,8,KKH,6D,R421,BIO3
2025,4,8,LML,6D,R411,ERS3
2025,4,8,LWKA,6D,CR3,ICT
2025,4,8,NSK,6D,DF,VAD3
2025,4,8,TLW,6D,R404,THS3
2025,4,9,CSK,6D,R403,MAM2
2025,4,9,KKH,6D,R421,BIO3
2025,4,9,LML,6D,R411,ERS3
2025,4,9,LWKA,6D,CR3,ICT
2025,4,9,NSK,6D,DF,VAD3
2025,4,9,TLW,6D,R404,THS3
2025,5,1,NHCA,6D,R101,MACO
2025,5,2,NHCA,6D,R101,MACO
2025,5,3,LWK,6D,R101,ENG
2025,5,4,NKK,6D,R101,CHIN
2025,5,5,LCF,6D,R101,APL
2025,5,6,LCF,6D,R101,APL
2025,5,7,LCF,6D,R101,APL
2025,5,8,LCF,6D,R101,WCU
2025,5,9,LCF,6D,R101,WCU